{
  "namespace": "start",

  "achievements_icon": {
    "type": "image",
    "texture": "textures/ui/achievements",
    "layer": 3,
    "size": [16, 16]
  },

  "inbox_icon": {
    "type": "image",
    "texture": "textures/ui/icon_bell",
    "layer": 3,
    "size": [16, 16]
  },

  "feedback_icon": {
    "type": "image",
    "texture": "textures/ui/Feedback",
    "layer": 3,
    "size": [16, 16]
  },

  "feedback_icon_edu": {
    "type": "image",
    "texture": "$feedback_texture",
    "offset": [-0.5, -0.5],
    "size": [16, 16],
    "layer": 3,
    "$feedback_texture": "textures/ui/feedback",
    "variables": [
      {
        "requires": "($hover_state or $pressed_state)",
        "$feedback_texture": "textures/ui/feedback_hover"
      }
    ]
  },

  "main_buttons_panel": {
    "type": "panel",
    "size": [160, "100%c"],
    "controls": [
      {
        "stacked_rows": {
          "type": "stack_panel",
          "size": ["100%", "100%c"],
          "anchor_from": "bottom_middle",
          "anchor_to": "bottom_middle",
          "controls": [
            {
              "play_button_row@start.stacked_row": {
                "ignored": "(not $play_button_visible)",
                "size": ["100%", 40],
                "controls": [
                  {
                    "play_button@start.main_button": {
                      "$pressed_button_name": "$play_button_target",
                      "$button_text": "menu.play",
                      "$focus_override_right": "profile_button",
                      "default_focus_precedence": 1
                    }
                  }
                ]
              }
            },
            {
              "spacing_1": {
                "type": "panel",
                "size": ["100%", 4]
              }
            },
            {
              "settings_store_row@start.stacked_row": {
                "ignored": "($trial or $use_single_column_for_buttons)",
                "size": ["100%", 34],
                "controls": [
                  {
                    "horizontal_buttons": {
                      "type": "stack_panel",
                      "size": ["100%", "100%"],
                      "orientation": "horizontal",
                      "controls": [
                        {
                          "settings_col": {
                            "type": "panel",
                            "size": ["50% - 2px", "100%"],
                            "controls": [
                              {
                                "settings_button@start.main_button": {
                                  "$pressed_button_name": "button.menu_settings",
                                  "$button_text": "menu.settings"
                                }
                              }
                            ]
                          }
                        },
                        {
                          "button_spacing": {
                            "type": "panel",
                            "size": [4, "100%"]
                          }
                        },
                        {
                          "store_col": {
                            "type": "panel",
                            "size": ["50% - 2px", "100%"],
                            "ignored": "($store_ignored)",
                            "controls": [
                              {
                                "store_button@start.store_button": {
                                  "enabled": "(not $store_disabled)"
                                }
                              }
                            ]
                          }
                        }
                      ]
                    }
                  }
                ]
              }
            },
            {
              "spacing_2": {
                "type": "panel",
                "size": ["100%", 4]
              }
            },
            {
              "realms_servers_row@start.stacked_row": {
                "size": ["100%", 34],
                "controls": [
                  {
                    "horizontal_buttons": {
                      "type": "stack_panel",
                      "size": ["100%", "100%"],
                      "orientation": "horizontal",
                      "controls": [
                        {
                          "realms_col": {
                            "type": "panel",
                            "size": ["50% - 2px", "100%"],
                            "controls": [
                              {
                                "realms_button@start.main_button_dark": {
                                  "$pressed_button_name": "button.menu_realms",
                                  "$button_text": "menu.realmsServer"
                                }
                              }
                            ]
                          }
                        },
                        {
                          "button_spacing": {
                            "type": "panel",
                            "size": [4, "100%"]
                          }
                        },
                        {
                          "servers_col": {
                            "type": "panel",
                            "size": ["50% - 2px", "100%"],
                            "controls": [
                              {
                                "servers_button@start.main_button": {
                                  "$pressed_button_name": "button.menu_servers",
                                  "$button_text": "menu.servers"
                                }
                              }
                            ]
                          }
                        }
                      ]
                    }
                  }
                ]
              }
            }
          ]
        }
      }
    ]
  },

  "lower_online_buttons_panel": {
    "type": "stack_panel",
    "anchor_to": "bottom_left",
    "anchor_from": "bottom_left",
    "size": ["100%", "100%c"],
    "controls": [
      {
        "buttons_row": {
          "type": "stack_panel",
          "size": ["100%", 32],
          "offset": ["5%", 0],
          "orientation": "horizontal",
          "controls": [
            {
              "feedback_section": {
                "type": "panel",
                "size": ["100%c", "100%"],
                "ignored": "$feedback_ignored",
                "controls": [{ "feedback_button@start.feedback_button": {} }],
                "bindings": [
                  {
                    "binding_name": "#feedback_visible",
                    "binding_name_override": "#visible"
                  }
                ]
              }
            },
            {
              "spacing_1": {
                "type": "panel",
                "size": [6, "100%"]
              }
            },
            {
              "achievements_section": {
                "type": "panel",
                "size": ["100%c", "100%"],
                "ignored": "$achievements_ignored",
                "controls": [{ "achievements_icon_button@start.achievements_icon_button": {} }],
                "bindings": [
                  {
                    "binding_name": "#achievements_icon_visible",
                    "binding_name_override": "#visible"
                  }
                ]
              }
            },
            {
              "spacing_2": {
                "type": "panel",
                "size": [6, "100%"]
              }
            },
            {
              "inbox_section": {
                "type": "panel",
                "size": ["100%c", "100%"],
                "controls": [{ "inbox_icon_button@start.inbox_icon_button": {} }],
                "bindings": [
                  {
                    "binding_name": "#inbox_enabled",
                    "binding_name_override": "#visible"
                  }
                ]
              }
            },
            {
              "spacing_3": {
                "type": "panel",
                "size": [8, "100%"]
              }
            },
            {
              "profile_section": {
                "type": "panel",
                "size": ["100%c", "100%"],
                "controls": [{ "profile_button@start.profile_button": {} }],
                "bindings": [
                  {
                    "binding_name": "#profile_button_a_visible",
                    "binding_name_override": "#visible"
                  }
                ]
              }
            }
          ]
        }
      }
    ]
  },

  "skin_panel": {
    "type": "panel",
    "anchor_to": "bottom_right",
    "anchor_from": "bottom_right",
    "size": ["45%", 140],
    "offset": ["3%", "-12%"],
    "controls": [
      { "change_profile_or_skin@start.skin_or_profile_panel": {} },
      { "viewer_panel@start.skin_viewer_panel": {} }
    ]
  },

  "main_button@common_buttons.light_text_button": {
    "size": ["100% - 2px", "100% - 2px"]
  },

  "main_button_dark@common_buttons.dark_text_button": {
    "size": ["100% - 2px", "100% - 2px"]
  },

  "stacked_row": {
    "type": "panel",
    "size": ["100%", 32]
  }
}
