{
  "namespace": "trade2",

  "lock_image": {
    "type": "image",
    "size": [8, 8],
    "texture": "textures/ui/lock",
    "color": "$trade_lock_color"
  },

  "lock_image2": {
    "type": "image",
    "size": [16, 13],
    "texture": "textures/ui/arrow_dark_right_stretch"
  },

  "trade_toggle@common_toggles.light_image_toggle_collection": {
    "layer": 3,
    "size": "$toggle_size",
    "$toggle_size|default": ["100%", 24],
    "$toggle_name": "trade_toggle",
    "$template_toggle": "trade2.trade_actual_toggle",
    "$toggle_binding_type": "global",
    "$toggle_state_binding_name": "#trade_toggle_state",
    "$toggle_enabled_binding_type": "global",
    "$toggle_enabled_binding_name": "",
    "$toggle_enabled_binding_condition": "always_when_visible",
    "$button_content": "trade2.toggle_content_holder",
    "$unchecked_control": "trade2.trade_toggle_unchecked",
    "$checked_control": "trade2.trade_toggle_checked",
    "$unchecked_locked_control": "trade2.trade_toggle_locked",
    "$unchecked_locked_hover_control": "trade2.trade_toggle_locked",
    "$checked_locked_control": "trade2.trade_toggle_locked",
    "$checked_locked_hover_control": "trade2.trade_toggle_locked"
  },

  "tier_stack_panel": {
    "type": "stack_panel",
    "size": ["100%", "100%c + 1px"],
    "orientation": "horizontal",
    "controls": [
      {
        "trade_toggle_stack_panel@trade2.trade_toggle_stack_panel": {}
      },
      {
        "tier_label_holder": {
          "type": "panel",
          "size": ["50%", "100%cm"],
          "controls": [
            {
              "tier_label@trade2.tier_label": {
                "size": ["100%", "default"],
                "offset": [2, 0],
                "layer": 2
              }
            },
            {
              "tier_label_locked@trade2.tier_label_locked": {
                "size": ["100%", "default"],
                "offset": [2, 0],
                "layer": 2
              }
            }
          ],
          "bindings": [
            {
              "binding_name": "#show_level",
              "binding_name_override": "#visible"
            }
          ]
        }
      }
    ],
    "bindings": [
      {
        "binding_name": " ",
        "binding_name_override": "#visible",
        "binding_type": "collection",
        "binding_collection_name": "$collection_name",
        "binding_condition": "always"
      }
    ]
  },

  "item_slots_stack_panel/pointing_right_arrow_holder": {
    "modifications": [
      {
        "array_name": "controls",
        "operation": "insert_front",
        "offset": [0, -30],
        "value": { "quick_trade@NeBuxQuickCrafting.quick_trade": {} }
      }
    ]
  },

  "item_slots_stack_panel/pointing_left_arrow_holder": {
    "modifications": [
      {
        "array_name": "controls",
        "operation": "insert_front",
        "value": { "quick_trade@NeBuxQuickCrafting.quick_trade": {} }
      }
    ]
  },

  "arrow_holder": {
    "type": "stack_panel",
    "orientation": "horizontal",
    "size": [32, 16],
    "controls": [
      {
        "lock_image@trade2.lock_image2": {
          "bindings": [
            {
              "binding_type": "collection_details"
            },
            {
              "binding_name": "(not #trade_toggle_enabled)",
              "binding_name_override": "#visible"
            }
          ]
        }
      },
      {
        "arrow_image@trade2.arrow_right_image": {
          "bindings": [
            {
              "binding_type": "collection_details"
            },
            {
              "binding_name": "#trade_toggle_enabled",
              "binding_name_override": "#visible"
            }
          ]
        }
      },
      {
        "cross_out_image@trade2.cross_out_image": {
          "layer": 2,
          "bindings": [
            {
              "binding_type": "collection_details"
            },
            {
              "binding_name": "#trade_cross_out_visible",
              "binding_name_override": "#visible"
            }
          ]
        }
      }
    ]
  }
}
