
{
	"format_version": "1.12.0",
	"minecraft:geometry": [
		{
			"description": {
				"identifier": "geometry.tracer",
				"texture_width": 1024,
				"texture_height": 1024,
				"visible_bounds_width": 2053,
				"visible_bounds_height": 7,
				"visible_bounds_offset": [0, 0.5, 0],
				"gbp_hidden_value": 42.019 
			},
			"bones": [
				{
					"name": "tracer",
					"pivot": [0, 0, 0],
					"cubes": [
						{
							"origin": [-1, 0, 0],
							"size": [2, 2, -16384],
							"uv": {
								"north": {"uv": [0, 0], "uv_size": [1024, 1024]},
								"east": {"uv": [0, 0], "uv_size": [1024, 1024]},
								"south": {"uv": [0, 0], "uv_size": [1024, 1024]},
								"west": {"uv": [0, 0], "uv_size": [1024, 1024]},
								"up": {"uv": [1024, 1024], "uv_size": [-1024, -1024]},
								"down": {"uv": [1024, 1024], "uv_size": [-1024, -1024]}
							}
						}
					]
				},
				{
					"name": "gbp_bone", 
					"pivot": [0, 0, 0],
					"cubes": []
				}
			]
		}
	]
}
