
{
	"format_version": "1.8.0",
	"animations": {
		"animation.player.first_person.empty_hand": {
			"loop": true,
			"bones": {
				"root": {
					"rotation": ["85+variable.map_angle * 128", 0, 180],
					"position": [0, -1.4, 4]
				}
			}
		},
		"animation.player.first_person.swap_item": {
			"loop": true,
			"bones": {
				"leftitem": {
					"scale": "0 * (1 + variable.player_arm_height)"
				},
				"shield": {
					"scale": "0.5 * (0.5 + variable.player_arm_height)"
				}
			}
		},
		"animation.first.walk": {
			"loop": true,
			"bones": {
				"body": {
					"rotation": ["0.6-variable.tcos1 * 0.2", 0, 0],
					"position": [0, 0, "variable.tcos1 * 0.05"]
				},
				"leftArm": {
					"rotation": ["variable.tcos0 * 0.9", 0, -4]
				},
				"Frightarm": {
					"rotation": ["-variable.tcos0 * 0.9", 0, 4]
				},
				"leftLeg": {
					"rotation": ["variable.tcos0 * -1.2", 0, 0]
				},
				"rightLeg": {
					"rotation": ["variable.tcos0 * 1.2", 0, 0]
				},
				"root": {
					"position": [0, "variable.tcos1 * 0.055", 0]
				}
			}
		},
		"animation.first.bob": {
			"loop": true,
			"bones": {
				"leftArm": {
					"rotation": [0, 0, "((math.cos(query.life_time * 103.2) * 2.865) + 2.865) *-1.0"]
				},
				"Frightarm": {
					"rotation": [0, 0, "(math.cos(query.life_time * 103.2) * 2.865) + 2.865"]
				},
				"rightLeg": {
					"rotation": [0, 5, 0]
				},
				"leftLeg": {
					"rotation": [0, -5, 0]
				}
			}
		},
		"animation.first.sneak": {
			"loop": true,
			"bones": {
				"root": {
					"position": [0, -2, 0]
				},
				"body": {
					"rotation": [9, 0, 0],
					"position": [0, 0, -2]
				}
			}
		},
		"animation.first.jump": {
			"animation_length": 0.3667,
			"bones": {
				"head": {
					"rotation": {
						"0.0": [0, 0, 0],
						"0.0833": [10, 0, 0],
						"0.1667": [8, 0, 0],
						"0.2": [6, 0, 0],
						"0.2333": [5, 0, 0],
						"0.2833": [2, 0, 0],
						"0.3167": [0, 0, 0]
					}
				},
				"Frightarm": {
					"rotation": {
						"0.0": [0, 0, 0],
						"0.0333": [-36, 10, 10],
						"0.0833": [-42.5, 15, 30],
						"0.1167": [-19, 11, 13],
						"0.2": [-11, 11, 7],
						"0.2833": [-5, 11, 2],
						"0.3667": [0, 0, 0]
					}
				},
				"leftArm": {
					"rotation": {
						"0.0": [0, 0, 0],
						"0.0333": [-30, -5, -15],
						"0.0833": [-35, -15, -30],
						"0.1167": [-25, -5, -18],
						"0.2": [-15, -5, -14],
						"0.2833": [-10, -5, -6],
						"0.3667": [0, 0, 0]
					}
				},
				"leftLeg": {
					"rotation": [0, 0, 0],
					"position": {
						"0.0": [0, 0, 0],
						"0.0333": [0, -1, 0],
						"0.3667": [0, 0, 0]
					}
				},
				"rightLeg": {
					"rotation": {
						"0.0": [0, 0, 0],
						"0.3667": [0, 0, 0]
					},
					"position": {
						"0.0": [0, 0.2, 0],
						"0.0333": [0, 2, 0],
						"0.0833": [0, 1.9, 0],
						"0.1667": [0, 1.2, 0],
						"0.2": [0, 0.6, 0],
						"0.2333": [0, 0.1, 0],
						"0.3667": [0, 0, 0]
					}
				}
			}
		},
		"animation.first.attack": {
			"loop": true,
			"bones": {
				"head": {
					"rotation": [0, 0, 0]
				},
				"body": {
					"rotation": [0, "variable.attack_body_rot_y", 0]
				},
				"leftArm": {
					"rotation": ["-(math.sin((1 - math.pow((1 - variable.attack_time), 4)) * 180) * 1.2 + math.sin(variable.attack_time * 180)) * 10.0", 0, 0]
				},
				"Frightarm": {
					"rotation": ["-60-(math.sin((1 - math.pow((1 - variable.attack_time), 4)) * 180) * 1.2 + math.sin(variable.attack_time * 180)) * 30", "-10-(math.sin((1 - math.pow((1 - variable.attack_time), 4)) * 180) ? (-90.0 * math.sin((1 - math.pow((1 - variable.attack_time), 4)) * 180)) + 30 : 0.0)", 0]
				}
			}
		},
		"animation.first.riding": {
			"loop": true,
			"bones": {
				"leftArm": {
					"rotation": [-36, 0, 0]
				},
				"Frightarm": {
					"rotation": [-36, 0, 0]
				},
				"leftLeg": {
					"rotation": ["-72.0 - this", "-18.0 - this", "-this"]
				},
				"rightLeg": {
					"rotation": ["-72.0 - this", "18.0 - this", "-this"]
				}
			}
		},
		"animation.first.swim": {
			"loop": true,
			"animation_length": 1.3,
			"override_previous_animation": true,
			"bones": {
				"leftArm": {
					"rotation": {
						"0.0": [0, 180, 180],
						"0.7": [0, 180, 287.2],
						"1.1": [90, 180, 180],
						"1.3": [0, 180, 180]
					},
					"position": [-1, 3, 3]
				},
				"Frightarm": {
					"rotation": {
						"0.0": [0, 180, -180],
						"0.7": [0, 180, -287.2],
						"1.1": [90, 180, -180],
						"1.3": [0, 180, -180]
					},
					"position": [1, 3, 3]
				},
				"root": {
					"rotation": ["180+variable.swim_amount * (90 + query.target_x_rotation)", 0, 180],
					"position": [0, "-2+(math.sin(query.target_x_rotation) * 24.0 + 3.0) * variable.swim_amount", "-32+(math.cos(query.target_x_rotation) * 24.0 + 9.0) * variable.swim_amount"]
				},
				"body": {
					"position": [0, 0, -5]
				},
				"leftLeg": {
					"rotation": ["math.lerp(0.0, math.cos(query.life_time * 390.0 + 180.0) * 17.2, variable.swim_amount)", 0, 0]
				},
				"rightLeg": {
					"rotation": ["math.lerp(0.0, math.cos(query.life_time * 390.0) * 17.2, variable.swim_amount)", 0, 0]
				}
			}
		},
		"animation.first.glide": {
			"loop": true,
			"bones": {
				"root": {
					"rotation": [-90, 0, 180],
					"position": [0, -2, 4]
				},
				"Frightarm": {
					"rotation": [180, 0, -17]
				},
				"leftArm": {
					"rotation": [180, 0, 17]
				}
			}
		},
		"animation.first.shield": {
			"loop": true,
			"bones": {
				"shield": {
					"rotation": [90, 0, 90],
					"position": [0.5, 2, 8]
				}
			}
		},
		"animation.first.shield.l": {
			"loop": true,
			"bones": {
				"FleftItem": {
					"rotation": [90, 0, -90],
					"position": [2, 7, 12.2]
				}
			}
		},
		"animation.first.shield.sr": {
			"loop": true,
			"bones": {
				"shield": {
					"rotation": [-20, 0, 0],
					"position": [0.5, -10, -8],
					"scale": 1.3
				}
			}
		},
		"animation.first.shield.sl": {
			"loop": true,
			"bones": {
				"FleftItem": {
					"rotation": [-20, 0, 0],
					"position": [5, -10, -10]
				}
			}
		},
		"animation.first.bow": {
			"loop": true,
			"override_previous_animation": true,
			"bones": {
				"leftArm": {
					"rotation": ["-80.0 + variable.item_angle * -45", 27.5, 0]
				},
				"Frightarm": {
					"rotation": ["-80.0 + variable.item_angle * -45", -5, 0]
				},
				"shield": {
					"position": [0, 0, 3],
					"scale": 1.1
				}
			}
		},
		"animation.first.crossbow": {
			"loop": true,
			"override_previous_animation": true,
			"bones": {
				"leftArm": {
					"rotation": ["-this - 65.0 - (1.0 - variable.item_use_normalized) * 5.0", "-this + (1.0 - variable.item_use_normalized) * 30.0", "-this + 20.0 + (1.0 - variable.item_use_normalized) * 10.0"],
					"position": [0, 0, 0.5]
				},
				"Frightarm": {
					"rotation": ["- 60.0 - this", "- 45.0 - this", "- 2.5 - this"]
				}
			}
		},
		"animation.first.crossbow_hold": {
			"loop": true,
			"override_previous_animation": true,
			"bones": {
				"leftArm": {
					"rotation": ["query.is_swimming ? 0.0 : -75.0 + variable.map_angle * -50", "query.is_swimming ? 0.0 : 50.0 + math.clamp(query.target_y_rotation, -60.0, 5.0) -this", "query.is_sneaking * -15.0"]
				},
				"Frightarm": {
					"rotation": ["query.is_swimming ? 0.0 : -80.0 + variable.map_angle * -50", "query.is_swimming ? 0.0 : math.clamp(query.target_y_rotation, -60.0, 45.0) -this", 0]
				},
				"leftLeg": {
					"rotation": ["variable.tcos0 * -1.2", 0, 0]
				},
				"rightLeg": {
					"rotation": ["variable.tcos0 * 1.2", 0, 0]
				}
			}
		},
		"animation.first.trident": {
			"loop": true,
			"bones": {
				"shield": {
					"rotation": [90, 10, 90],
					"position": [0, 1, -13],
					"scale": 1.2
				}
			}
		},
		"animation.first.spear": {
			"loop": true,
			"bones": {
				"Frightarm": {
					"rotation": [-210, -20, -10],
					"position": [0, 2, 2]
				},
				"shield": {
					"rotation": [0, 170, 0],
					"position": [0, -3, 22]
				}
			}
		},
		"animation.first_item_hold": {
    "loop": true,
    "bones": {
        "leftArm": {
            "rotation": [-50, 0, 0],
            "position": [0, 0, 0]
        },
        "Frightarm": {
            "rotation": [-50, 0, 0],
            "position": [0, 0, 0]
        },
        "shield": {
            "scale": 0,
            "position": [0, 0, 0]
        }
    }
}

	}
}