{
  "format_version": "1.10.0",
  "minecraft:attachable": {
    "description": {
      "identifier": "minecraft:shield",
      "materials": {
        "default": "entity_alphatest",
        "enchanted": "entity_alphatest_glint"
      },
      "textures": {
        "default": "textures/entity/shield",
        "enchanted": "textures/misc/enchanted_item_glint"
      },
      "geometry": {
        "default": "geometry.Fshield",
        "default.l": "geometry.shield.l"
      },
      "animations": {
        "wield": "controller.animation.shield.Fwield",
        "wield_third_person": "animation.shield.wield_third_person"
      },
      "scripts": {
        "animate": [
          "wield"
        ]
      },
      "render_controllers": [ {"controller.render.shield": "c.is_first_person"} ]
    }
  }
}
