{
	"format_version": "1.12.0",
	"minecraft:geometry": [
		{
			"description": {
				"identifier": "geometry.cape",
				"texture_width": 64,
				"texture_height": 32,
				"visible_bounds_width": 3,
				"visible_bounds_height": 2.5,
				"visible_bounds_offset": [0, 0.75, 0]
			},
			"bones": [
				{
					"name": "root",
					"pivot": [0, 0, 0]
				},
				{
					"name": "waist",
					"parent": "root",
					"pivot": [0, 24, 0]
				},
				{
					"name": "body",
					"parent": "waist",
					"pivot": [0, 24, 0]
				},
				{
					"name": "cape",
					"parent": "body",
					"pivot": [0, 24, 2]
				},
				{
					"name": "cape1",
					"parent": "cape",
					"pivot": [0, 24, 2],
					"rotation": [0, 180, 0],
					"cubes": [
						{
							"origin": [-5, 22, 1.3],
							"size": [10, 2, 0.5],
							"uv": {
								"north": {"uv": [1, 1], "uv_size": [10, 2]},
								"east": {"uv": [0, 1], "uv_size": [1, 2]},
								"south": {"uv": [12, 1], "uv_size": [10, 2]},
								"west": {"uv": [11, 1], "uv_size": [1, 2]},
								"up": {"uv": [1, 1], "uv_size": [10, -1]},
								"down": {"uv": [1, 3], "uv_size": [10, -1]}
							}
						}
					]
				},
				{
					"name": "cape2",
					"parent": "cape1",
					"pivot": [0, 22, 1.3],
					"cubes": [
						{
							"origin": [-5, 20, 1.3],
							"size": [10, 3, 0.5],
							"uv": {
								"north": {"uv": [1, 2], "uv_size": [10, 3]},
								"east": {"uv": [0, 2], "uv_size": [1, 3]},
								"south": {"uv": [12, 2], "uv_size": [10, 3]},
								"west": {"uv": [11, 2], "uv_size": [1, 3]},
								"up": {"uv": [1, 3], "uv_size": [10, -1]},
								"down": {"uv": [1, 5], "uv_size": [10, -1]}
							}
						}
					]
				},
				{
					"name": "cape3",
					"parent": "cape2",
					"pivot": [0, 20, 1.3],
					"cubes": [
						{
							"origin": [-5, 18, 1.3],
							"size": [10, 3, 0.5],
							"uv": {
								"north": {"uv": [1, 4], "uv_size": [10, 3]},
								"east": {"uv": [0, 4], "uv_size": [1, 3]},
								"south": {"uv": [12, 4], "uv_size": [10, 3]},
								"west": {"uv": [11, 4], "uv_size": [1, 3]},
								"up": {"uv": [1, 5], "uv_size": [10, -1]},
								"down": {"uv": [1, 7], "uv_size": [10, -1]}
							}
						}
					]
				},
				{
					"name": "cape4",
					"parent": "cape3",
					"pivot": [0, 18, 1.3],
					"cubes": [
						{
							"origin": [-5, 16, 1.3],
							"size": [10, 3, 0.5],
							"uv": {
								"north": {"uv": [1, 6], "uv_size": [10, 3]},
								"east": {"uv": [0, 6], "uv_size": [1, 3]},
								"south": {"uv": [12, 6], "uv_size": [10, 3]},
								"west": {"uv": [11, 6], "uv_size": [1, 3]},
								"up": {"uv": [1, 7], "uv_size": [10, -1]},
								"down": {"uv": [1, 9], "uv_size": [10, -1]}
							}
						}
					]
				},
				{
					"name": "cape5",
					"parent": "cape4",
					"pivot": [0, 16, 1.3],
					"cubes": [
						{
							"origin": [-5, 14, 1.3],
							"size": [10, 3, 0.5],
							"uv": {
								"north": {"uv": [1, 8], "uv_size": [10, 3]},
								"east": {"uv": [0, 8], "uv_size": [1, 3]},
								"south": {"uv": [12, 8], "uv_size": [10, 3]},
								"west": {"uv": [11, 8], "uv_size": [1, 3]},
								"up": {"uv": [1, 9], "uv_size": [10, -1]},
								"down": {"uv": [1, 11], "uv_size": [10, -1]}
							}
						}
					]
				},
				{
					"name": "cape6",
					"parent": "cape5",
					"pivot": [0, 14, 1.3],
					"cubes": [
						{
							"origin": [-5, 12, 1.3],
							"size": [10, 3, 0.5],
							"uv": {
								"north": {"uv": [1, 10], "uv_size": [10, 3]},
								"east": {"uv": [0, 10], "uv_size": [1, 3]},
								"south": {"uv": [12, 10], "uv_size": [10, 3]},
								"west": {"uv": [11, 10], "uv_size": [1, 3]},
								"up": {"uv": [1, 11], "uv_size": [10, -1]},
								"down": {"uv": [1, 13], "uv_size": [10, -1]}
							}
						}
					]
				},
				{
					"name": "cape7",
					"parent": "cape6",
					"pivot": [0, 12, 1.3],
					"cubes": [
						{
							"origin": [-5, 10, 1.3],
							"size": [10, 3, 0.5],
							"uv": {
								"north": {"uv": [1, 12], "uv_size": [10, 3]},
								"east": {"uv": [0, 12], "uv_size": [1, 3]},
								"south": {"uv": [12, 12], "uv_size": [10, 3]},
								"west": {"uv": [11, 12], "uv_size": [1, 3]},
								"up": {"uv": [1, 13], "uv_size": [10, -1]},
								"down": {"uv": [1, 15], "uv_size": [10, -1]}
							}
						}
					]
				},
				{
					"name": "cape8",
					"parent": "cape7",
					"pivot": [0, 10, 1.3],
					"cubes": [
						{
							"origin": [-5, 8, 1.3],
							"size": [10, 3, 0.5],
							"uv": {
								"north": {"uv": [1, 14], "uv_size": [10, 3]},
								"east": {"uv": [0, 14], "uv_size": [1, 3]},
								"south": {"uv": [12, 14], "uv_size": [10, 3]},
								"west": {"uv": [11, 14], "uv_size": [1, 3]},
								"up": {"uv": [1, 15], "uv_size": [10, -1]},
								"down": {"uv": [11, 1], "uv_size": [10, -1]}
							}
						}
					]
				}
			]
		}
	]
}