{
	"format_version": "1.12.0",
	"minecraft:geometry": [
		{
			"description": {
				"identifier": "geometry.custom.elytra",
				"texture_width": 64,
				"texture_height": 32,
				"visible_bounds_width": 4,
				"visible_bounds_height": 3.5,
				"visible_bounds_offset": [0, 1.25, 0]
			},
			"bones": [
				{
					"name": "body",
					"pivot": [0, 24, 2]
				},
				{
					"name": "left_wing",
					"parent": "body",
					"pivot": [0, 24, 2],
					"cubes": [
						{
							"origin": [-9, 2, 4],
							"size": [1, 1, 0],
							"uv": {
								"south": {"uv": [44, 19], "uv_size": [1, 1]}
							}
						},
						{
							"origin": [-8, 1, 4],
							"size": [1, 1, 0],
							"uv": {
								"south": {"uv": [43, 20], "uv_size": [1, 1]}
							}
						},
						{
							"origin": [-6, 1, 4],
							"size": [1, 1, 0],
							"uv": {
								"south": {"uv": [41, 20], "uv_size": [1, 1]}
							}
						},
						{
							"origin": [-8, 2, 4],
							"size": [1, 1, 0],
							"uv": {
								"south": {"uv": [43, 19], "uv_size": [1, 1]}
							}
						},
						{
							"origin": [-3, 2, 4],
							"size": [1, 1, 0],
							"uv": {
								"south": {"uv": [38, 19], "uv_size": [1, 1]}
							}
						},
						{
							"origin": [-3, 1, 4],
							"size": [1, 1, 0],
							"uv": {
								"south": {"uv": [38, 20], "uv_size": [1, 1]}
							}
						},
						{
							"origin": [-4, 2, 4],
							"size": [1, 1, 0],
							"uv": {
								"south": {"uv": [39, 19], "uv_size": [1, 1]}
							}
						},
						{
							"origin": [-4, 1, 4],
							"size": [1, 1, 0],
							"uv": {
								"south": {"uv": [39, 20], "uv_size": [1, 1]}
							}
						},
						{
							"origin": [-5, 2, 4],
							"size": [1, 1, 0],
							"uv": {
								"south": {"uv": [40, 19], "uv_size": [1, 1]}
							}
						},
						{
							"origin": [-5, 1, 4],
							"size": [1, 1, 0],
							"uv": {
								"south": {"uv": [40, 20], "uv_size": [1, 1]}
							}
						},
						{
							"origin": [-6, 2, 4],
							"size": [1, 1, 0],
							"uv": {
								"south": {"uv": [41, 19], "uv_size": [1, 1]}
							}
						},
						{
							"origin": [-9, 1, 4],
							"size": [1, 1, 0],
							"uv": {
								"south": {"uv": [44, 20], "uv_size": [1, 1]}
							}
						},
						{
							"origin": [-10, 2, 4],
							"size": [1, 1, 0],
							"uv": {
								"south": {"uv": [45, 19], "uv_size": [1, 1]}
							}
						},
						{
							"origin": [-10, 1, 4],
							"size": [1, 1, 0],
							"uv": {
								"south": {"uv": [45, 20], "uv_size": [1, 1]}
							}
						},
						{
							"origin": [-3, 3, 4],
							"size": [1, 1, 0],
							"uv": {
								"south": {"uv": [38, 18], "uv_size": [1, 1]}
							}
						},
						{
							"origin": [-9, 5, 4],
							"size": [1, 1, 0],
							"uv": {
								"south": {"uv": [44, 16], "uv_size": [1, 1]}
							}
						},
						{
							"origin": [-3, 5, 4],
							"size": [1, 1, 0],
							"uv": {
								"south": {"uv": [38, 16], "uv_size": [1, 1]}
							}
						},
						{
							"origin": [-2, 5, 4],
							"size": [1, 1, 0],
							"uv": {
								"south": {"uv": [37, 16], "uv_size": [1, 1]}
							}
						},
						{
							"origin": [-4, 5, 4],
							"size": [1, 1, 0],
							"uv": {
								"south": {"uv": [39, 16], "uv_size": [1, 1]}
							}
						},
						{
							"origin": [-5, 5, 4],
							"size": [1, 1, 0],
							"uv": {
								"south": {"uv": [40, 16], "uv_size": [1, 1]}
							}
						},
						{
							"origin": [-6, 5, 4],
							"size": [1, 1, 0],
							"uv": {
								"south": {"uv": [41, 16], "uv_size": [1, 1]}
							}
						},
						{
							"origin": [-7, 5, 4],
							"size": [1, 1, 0],
							"uv": {
								"south": {"uv": [42, 16], "uv_size": [1, 1]}
							}
						},
						{
							"origin": [-8, 7, 4],
							"size": [1, 1, 0],
							"uv": {
								"south": {"uv": [43, 14], "uv_size": [1, 1]}
							}
						},
						{
							"origin": [-8, 8, 4],
							"size": [1, 1, 0],
							"uv": {
								"south": {"uv": [43, 13], "uv_size": [1, 1]}
							}
						},
						{
							"origin": [-8, 9, 4],
							"size": [1, 1, 0],
							"uv": {
								"south": {"uv": [43, 12], "uv_size": [1, 1]}
							}
						},
						{
							"origin": [-4, 7, 4],
							"size": [1, 1, 0],
							"uv": {
								"south": {"uv": [39, 14], "uv_size": [1, 1]}
							}
						},
						{
							"origin": [-5, 7, 4],
							"size": [1, 1, 0],
							"uv": {
								"south": {"uv": [40, 14], "uv_size": [1, 1]}
							}
						},
						{
							"origin": [-6, 7, 4],
							"size": [1, 1, 0],
							"uv": {
								"south": {"uv": [41, 14], "uv_size": [1, 1]}
							}
						},
						{
							"origin": [-7, 7, 4],
							"size": [1, 1, 0],
							"uv": {
								"south": {"uv": [42, 14], "uv_size": [1, 1]}
							}
						},
						{
							"origin": [-7, 8, 4],
							"size": [1, 1, 0],
							"uv": {
								"south": {"uv": [42, 13], "uv_size": [1, 1]}
							}
						},
						{
							"origin": [-7, 9, 4],
							"size": [1, 1, 0],
							"uv": {
								"south": {"uv": [42, 12], "uv_size": [1, 1]}
							}
						},
						{
							"origin": [-9, 9, 4],
							"size": [1, 1, 0],
							"uv": {
								"south": {"uv": [44, 12], "uv_size": [1, 1]}
							}
						},
						{
							"origin": [-9, 8, 4],
							"size": [1, 1, 0],
							"uv": {
								"south": {"uv": [44, 13], "uv_size": [1, 1]}
							}
						},
						{
							"origin": [-9, 7, 4],
							"size": [1, 1, 0],
							"uv": {
								"south": {"uv": [44, 14], "uv_size": [1, 1]}
							}
						},
						{
							"origin": [-9, 6, 4],
							"size": [1, 1, 0],
							"uv": {
								"south": {"uv": [44, 15], "uv_size": [1, 1]}
							}
						},
						{
							"origin": [-8, 6, 4],
							"size": [1, 1, 0],
							"uv": {
								"south": {"uv": [43, 15], "uv_size": [1, 1]}
							}
						},
						{
							"origin": [-6, 6, 4],
							"size": [1, 1, 0],
							"uv": {
								"south": {"uv": [41, 15], "uv_size": [1, 1]}
							}
						},
						{
							"origin": [-7, 6, 4],
							"size": [1, 1, 0],
							"uv": {
								"south": {"uv": [42, 15], "uv_size": [1, 1]}
							}
						},
						{
							"origin": [-5, 6, 4],
							"size": [1, 1, 0],
							"uv": {
								"south": {"uv": [40, 15], "uv_size": [1, 1]}
							}
						},
						{
							"origin": [-4, 6, 4],
							"size": [1, 1, 0],
							"uv": {
								"south": {"uv": [39, 15], "uv_size": [1, 1]}
							}
						},
						{
							"origin": [-2, 8, 4],
							"size": [1, 1, 0],
							"uv": {
								"south": {"uv": [37, 13], "uv_size": [1, 1]}
							}
						},
						{
							"origin": [-2, 9, 4],
							"size": [1, 1, 0],
							"uv": {
								"south": {"uv": [37, 12], "uv_size": [1, 1]}
							}
						},
						{
							"origin": [-5, 9, 4],
							"size": [1, 1, 0],
							"uv": {
								"south": {"uv": [40, 12], "uv_size": [1, 1]}
							}
						},
						{
							"origin": [-4, 8, 4],
							"size": [1, 1, 0],
							"uv": {
								"south": {"uv": [39, 13], "uv_size": [1, 1]}
							}
						},
						{
							"origin": [-6, 9, 4],
							"size": [1, 1, 0],
							"uv": {
								"south": {"uv": [41, 12], "uv_size": [1, 1]}
							}
						},
						{
							"origin": [-6, 8, 4],
							"size": [1, 1, 0],
							"uv": {
								"south": {"uv": [41, 13], "uv_size": [1, 1]}
							}
						},
						{
							"origin": [-5, 8, 4],
							"size": [1, 1, 0],
							"uv": {
								"south": {"uv": [40, 13], "uv_size": [1, 1]}
							}
						},
						{
							"origin": [-4, 9, 4],
							"size": [1, 1, 0],
							"uv": {
								"south": {"uv": [39, 12], "uv_size": [1, 1]}
							}
						},
						{
							"origin": [-3, 9, 4],
							"size": [1, 1, 0],
							"uv": {
								"south": {"uv": [38, 12], "uv_size": [1, 1]}
							}
						},
						{
							"origin": [-1, 6, 4],
							"size": [1, 1, 0],
							"uv": {
								"south": {"uv": [36, 15], "uv_size": [1, 1]}
							}
						},
						{
							"origin": [-2, 6, 4],
							"size": [1, 1, 0],
							"uv": {
								"south": {"uv": [37, 15], "uv_size": [1, 1]}
							}
						},
						{
							"origin": [-3, 6, 4],
							"size": [1, 1, 0],
							"uv": {
								"south": {"uv": [38, 15], "uv_size": [1, 1]}
							}
						},
						{
							"origin": [-3, 8, 4],
							"size": [1, 1, 0],
							"uv": {
								"south": {"uv": [38, 13], "uv_size": [1, 1]}
							}
						},
						{
							"origin": [-1, 8, 4],
							"size": [1, 1, 0],
							"uv": {
								"south": {"uv": [36, 13], "uv_size": [1, 1]}
							}
						},
						{
							"origin": [-1, 9, 4],
							"size": [1, 1, 0],
							"uv": {
								"south": {"uv": [36, 12], "uv_size": [1, 1]}
							}
						},
						{
							"origin": [-1, 11, 4],
							"size": [1, 1, 0],
							"uv": {
								"south": {"uv": [36, 10], "uv_size": [1, 1]}
							}
						},
						{
							"origin": [-4, 17, 4],
							"size": [1, 1, 0],
							"uv": {
								"south": {"uv": [39, 4], "uv_size": [1, 1]}
							}
						},
						{
							"origin": [-4, 14, 4],
							"size": [1, 1, 0],
							"uv": {
								"south": {"uv": [39, 7], "uv_size": [1, 1]}
							}
						},
						{
							"origin": [-4, 15, 4],
							"size": [1, 1, 0],
							"uv": {
								"south": {"uv": [39, 6], "uv_size": [1, 1]}
							}
						},
						{
							"origin": [-4, 16, 4],
							"size": [1, 1, 0],
							"uv": {
								"south": {"uv": [39, 5], "uv_size": [1, 1]}
							}
						},
						{
							"origin": [-2, 10, 4],
							"size": [1, 1, 0],
							"uv": {
								"south": {"uv": [37, 11], "uv_size": [1, 1]}
							}
						},
						{
							"origin": [-1, 10, 4],
							"size": [1, 1, 0],
							"uv": {
								"south": {"uv": [36, 11], "uv_size": [1, 1]}
							}
						},
						{
							"origin": [-1, 7, 4],
							"size": [1, 1, 0],
							"uv": {
								"south": {"uv": [36, 14], "uv_size": [1, 1]}
							}
						},
						{
							"origin": [-2, 7, 4],
							"size": [1, 1, 0],
							"uv": {
								"south": {"uv": [37, 14], "uv_size": [1, 1]}
							}
						},
						{
							"origin": [-3, 7, 4],
							"size": [1, 1, 0],
							"uv": {
								"south": {"uv": [38, 14], "uv_size": [1, 1]}
							}
						},
						{
							"origin": [-1, 19, 4],
							"size": [1, 1, 0],
							"uv": {
								"south": {"uv": [36, 2], "uv_size": [1, 1]}
							}
						},
						{
							"origin": [-1, 18, 4],
							"size": [1, 1, 0],
							"uv": {
								"south": {"uv": [36, 3], "uv_size": [1, 1]}
							}
						},
						{
							"origin": [-2, 19, 4],
							"size": [1, 1, 0],
							"uv": {
								"south": {"uv": [37, 2], "uv_size": [1, 1]}
							}
						},
						{
							"origin": [-2, 18, 4],
							"size": [1, 1, 0],
							"uv": {
								"south": {"uv": [37, 3], "uv_size": [1, 1]}
							}
						},
						{
							"origin": [-7, 18, 4],
							"size": [1, 1, 0],
							"uv": {
								"south": {"uv": [42, 3], "uv_size": [1, 1]}
							}
						},
						{
							"origin": [-3, 18, 4],
							"size": [1, 1, 0],
							"uv": {
								"south": {"uv": [38, 3], "uv_size": [1, 1]}
							}
						},
						{
							"origin": [-6, 18, 4],
							"size": [1, 1, 0],
							"uv": {
								"south": {"uv": [41, 3], "uv_size": [1, 1]}
							}
						},
						{
							"origin": [-5, 18, 4],
							"size": [1, 1, 0],
							"uv": {
								"south": {"uv": [40, 3], "uv_size": [1, 1]}
							}
						},
						{
							"origin": [-6, 19, 4],
							"size": [1, 1, 0],
							"uv": {
								"south": {"uv": [41, 2], "uv_size": [1, 1]}
							}
						},
						{
							"origin": [-3, 12, 4],
							"size": [1, 1, 0],
							"uv": {
								"south": {"uv": [38, 9], "uv_size": [1, 1]}
							}
						},
						{
							"origin": [-3, 13, 4],
							"size": [1, 1, 0],
							"uv": {
								"south": {"uv": [38, 8], "uv_size": [1, 1]}
							}
						},
						{
							"origin": [-4, 11, 4],
							"size": [1, 1, 0],
							"uv": {
								"south": {"uv": [39, 10], "uv_size": [1, 1]}
							}
						},
						{
							"origin": [-3, 19, 4],
							"size": [1, 1, 0],
							"uv": {
								"south": {"uv": [38, 2], "uv_size": [1, 1]}
							}
						},
						{
							"origin": [-4, 19, 4],
							"size": [1, 1, 0],
							"uv": {
								"south": {"uv": [39, 2], "uv_size": [1, 1]}
							}
						},
						{
							"origin": [-5, 19, 4],
							"size": [1, 1, 0],
							"uv": {
								"south": {"uv": [40, 2], "uv_size": [1, 1]}
							}
						},
						{
							"origin": [-4, 18, 4],
							"size": [1, 1, 0],
							"uv": {
								"south": {"uv": [39, 3], "uv_size": [1, 1]}
							}
						},
						{
							"origin": [-3, 17, 4],
							"size": [1, 1, 0],
							"uv": {
								"south": {"uv": [38, 4], "uv_size": [1, 1]}
							}
						},
						{
							"origin": [-3, 14, 4],
							"size": [1, 1, 0],
							"uv": {
								"south": {"uv": [38, 7], "uv_size": [1, 1]}
							}
						},
						{
							"origin": [-3, 16, 4],
							"size": [1, 1, 0],
							"uv": {
								"south": {"uv": [38, 5], "uv_size": [1, 1]}
							}
						},
						{
							"origin": [-2, 11, 4],
							"size": [1, 1, 0],
							"uv": {
								"south": {"uv": [37, 10], "uv_size": [1, 1]}
							}
						},
						{
							"origin": [-3, 15, 4],
							"size": [1, 1, 0],
							"uv": {
								"south": {"uv": [38, 6], "uv_size": [1, 1]}
							}
						},
						{
							"origin": [-2, 14, 4],
							"size": [1, 1, 0],
							"uv": {
								"south": {"uv": [37, 7], "uv_size": [1, 1]}
							}
						},
						{
							"origin": [-2, 13, 4],
							"size": [1, 1, 0],
							"uv": {
								"south": {"uv": [37, 8], "uv_size": [1, 1]}
							}
						},
						{
							"origin": [-2, 12, 4],
							"size": [1, 1, 0],
							"uv": {
								"south": {"uv": [37, 9], "uv_size": [1, 1]}
							}
						},
						{
							"origin": [-3, 10, 4],
							"size": [1, 1, 0],
							"uv": {
								"south": {"uv": [38, 11], "uv_size": [1, 1]}
							}
						},
						{
							"origin": [-4, 12, 4],
							"size": [1, 1, 0],
							"uv": {
								"south": {"uv": [39, 9], "uv_size": [1, 1]}
							}
						},
						{
							"origin": [-4, 10, 4],
							"size": [1, 1, 0],
							"uv": {
								"south": {"uv": [39, 11], "uv_size": [1, 1]}
							}
						},
						{
							"origin": [-4, 13, 4],
							"size": [1, 1, 0],
							"uv": {
								"south": {"uv": [39, 8], "uv_size": [1, 1]}
							}
						},
						{
							"origin": [-5, 17, 4],
							"size": [1, 1, 0],
							"uv": {
								"south": {"uv": [40, 4], "uv_size": [1, 1]}
							}
						},
						{
							"origin": [-5, 14, 4],
							"size": [1, 1, 0],
							"uv": {
								"south": {"uv": [40, 7], "uv_size": [1, 1]}
							}
						},
						{
							"origin": [-5, 15, 4],
							"size": [1, 1, 0],
							"uv": {
								"south": {"uv": [40, 6], "uv_size": [1, 1]}
							}
						},
						{
							"origin": [-5, 16, 4],
							"size": [1, 1, 0],
							"uv": {
								"south": {"uv": [40, 5], "uv_size": [1, 1]}
							}
						},
						{
							"origin": [-6, 10, 4],
							"size": [1, 1, 0],
							"uv": {
								"south": {"uv": [41, 11], "uv_size": [1, 1]}
							}
						},
						{
							"origin": [-6, 16, 4],
							"size": [1, 1, 0],
							"uv": {
								"south": {"uv": [41, 5], "uv_size": [1, 1]}
							}
						},
						{
							"origin": [-6, 15, 4],
							"size": [1, 1, 0],
							"uv": {
								"south": {"uv": [41, 6], "uv_size": [1, 1]}
							}
						},
						{
							"origin": [-6, 17, 4],
							"size": [1, 1, 0],
							"uv": {
								"south": {"uv": [41, 4], "uv_size": [1, 1]}
							}
						},
						{
							"origin": [-6, 14, 4],
							"size": [1, 1, 0],
							"uv": {
								"south": {"uv": [41, 7], "uv_size": [1, 1]}
							}
						},
						{
							"origin": [-5, 13, 4],
							"size": [1, 1, 0],
							"uv": {
								"south": {"uv": [40, 8], "uv_size": [1, 1]}
							}
						},
						{
							"origin": [-5, 11, 4],
							"size": [1, 1, 0],
							"uv": {
								"south": {"uv": [40, 10], "uv_size": [1, 1]}
							}
						},
						{
							"origin": [-5, 10, 4],
							"size": [1, 1, 0],
							"uv": {
								"south": {"uv": [40, 11], "uv_size": [1, 1]}
							}
						},
						{
							"origin": [-5, 12, 4],
							"size": [1, 1, 0],
							"uv": {
								"south": {"uv": [40, 9], "uv_size": [1, 1]}
							}
						},
						{
							"origin": [-7, 11, 4],
							"size": [1, 1, 0],
							"uv": {
								"south": {"uv": [42, 10], "uv_size": [1, 1]}
							}
						},
						{
							"origin": [-7, 10, 4],
							"size": [1, 1, 0],
							"uv": {
								"south": {"uv": [42, 11], "uv_size": [1, 1]}
							}
						},
						{
							"origin": [-7, 15, 4],
							"size": [1, 1, 0],
							"uv": {
								"south": {"uv": [42, 6], "uv_size": [1, 1]}
							}
						},
						{
							"origin": [-7, 14, 4],
							"size": [1, 1, 0],
							"uv": {
								"south": {"uv": [42, 7], "uv_size": [1, 1]}
							}
						},
						{
							"origin": [-6, 13, 4],
							"size": [1, 1, 0],
							"uv": {
								"south": {"uv": [41, 8], "uv_size": [1, 1]}
							}
						},
						{
							"origin": [-6, 11, 4],
							"size": [1, 1, 0],
							"uv": {
								"south": {"uv": [41, 10], "uv_size": [1, 1]}
							}
						},
						{
							"origin": [-6, 12, 4],
							"size": [1, 1, 0],
							"uv": {
								"south": {"uv": [41, 9], "uv_size": [1, 1]}
							}
						},
						{
							"origin": [-7, 17, 4],
							"size": [1, 1, 0],
							"uv": {
								"south": {"uv": [42, 4], "uv_size": [1, 1]}
							}
						},
						{
							"origin": [-7, 16, 4],
							"size": [1, 1, 0],
							"uv": {
								"south": {"uv": [42, 5], "uv_size": [1, 1]}
							}
						},
						{
							"origin": [-7, 12, 4],
							"size": [1, 1, 0],
							"uv": {
								"south": {"uv": [42, 9], "uv_size": [1, 1]}
							}
						},
						{
							"origin": [-7, 13, 4],
							"size": [1, 1, 0],
							"uv": {
								"south": {"uv": [42, 8], "uv_size": [1, 1]}
							}
						},
						{
							"origin": [-8, 17, 4],
							"size": [1, 1, 0],
							"uv": {
								"south": {"uv": [43, 4], "uv_size": [1, 1]}
							}
						},
						{
							"origin": [-8, 14, 4],
							"size": [1, 1, 0],
							"uv": {
								"south": {"uv": [43, 7], "uv_size": [1, 1]}
							}
						},
						{
							"origin": [-1, 16, 4],
							"size": [1, 1, 0],
							"uv": {
								"south": {"uv": [36, 5], "uv_size": [1, 1]}
							}
						},
						{
							"origin": [-1, 15, 4],
							"size": [1, 1, 0],
							"uv": {
								"south": {"uv": [36, 6], "uv_size": [1, 1]}
							}
						},
						{
							"origin": [-1, 17, 4],
							"size": [1, 1, 0],
							"uv": {
								"south": {"uv": [36, 4], "uv_size": [1, 1]}
							}
						},
						{
							"origin": [-8, 13, 4],
							"size": [1, 1, 0],
							"uv": {
								"south": {"uv": [43, 8], "uv_size": [1, 1]}
							}
						},
						{
							"origin": [-8, 11, 4],
							"size": [1, 1, 0],
							"uv": {
								"south": {"uv": [43, 10], "uv_size": [1, 1]}
							}
						},
						{
							"origin": [-9, 14, 4],
							"size": [1, 1, 0],
							"uv": {
								"south": {"uv": [44, 7], "uv_size": [1, 1]}
							}
						},
						{
							"origin": [-8, 12, 4],
							"size": [1, 1, 0],
							"uv": {
								"south": {"uv": [43, 9], "uv_size": [1, 1]}
							}
						},
						{
							"origin": [-8, 10, 4],
							"size": [1, 1, 0],
							"uv": {
								"south": {"uv": [43, 11], "uv_size": [1, 1]}
							}
						},
						{
							"origin": [-8, 16, 4],
							"size": [1, 1, 0],
							"uv": {
								"south": {"uv": [43, 5], "uv_size": [1, 1]}
							}
						},
						{
							"origin": [-8, 15, 4],
							"size": [1, 1, 0],
							"uv": {
								"south": {"uv": [43, 6], "uv_size": [1, 1]}
							}
						},
						{
							"origin": [-9, 10, 4],
							"size": [1, 1, 0],
							"uv": {
								"south": {"uv": [44, 11], "uv_size": [1, 1]}
							}
						},
						{
							"origin": [-9, 11, 4],
							"size": [1, 1, 0],
							"uv": {
								"south": {"uv": [44, 10], "uv_size": [1, 1]}
							}
						},
						{
							"origin": [-9, 12, 4],
							"size": [1, 1, 0],
							"uv": {
								"south": {"uv": [44, 9], "uv_size": [1, 1]}
							}
						},
						{
							"origin": [-9, 13, 4],
							"size": [1, 1, 0],
							"uv": {
								"south": {"uv": [44, 8], "uv_size": [1, 1]}
							}
						},
						{
							"origin": [-1, 14, 4],
							"size": [1, 1, 0],
							"uv": {
								"south": {"uv": [36, 7], "uv_size": [1, 1]}
							}
						},
						{
							"origin": [-2, 15, 4],
							"size": [1, 1, 0],
							"uv": {
								"south": {"uv": [37, 6], "uv_size": [1, 1]}
							}
						},
						{
							"origin": [-2, 17, 4],
							"size": [1, 1, 0],
							"uv": {
								"south": {"uv": [37, 4], "uv_size": [1, 1]}
							}
						},
						{
							"origin": [-10, 10, 4],
							"size": [1, 1, 0],
							"uv": {
								"south": {"uv": [45, 11], "uv_size": [1, 1]}
							}
						},
						{
							"origin": [-1, 13, 4],
							"size": [1, 1, 0],
							"uv": {
								"south": {"uv": [36, 8], "uv_size": [1, 1]}
							}
						},
						{
							"origin": [-2, 16, 4],
							"size": [1, 1, 0],
							"uv": {
								"south": {"uv": [37, 5], "uv_size": [1, 1]}
							}
						},
						{
							"origin": [-3, 11, 4],
							"size": [1, 1, 0],
							"uv": {
								"south": {"uv": [38, 10], "uv_size": [1, 1]}
							}
						},
						{
							"origin": [-1, 12, 4],
							"size": [1, 1, 0],
							"uv": {
								"south": {"uv": [36, 9], "uv_size": [1, 1]}
							}
						},
						{
							"origin": [-10, 9, 4],
							"size": [1, 1, 0],
							"uv": {
								"south": {"uv": [45, 12], "uv_size": [1, 1]}
							}
						},
						{
							"origin": [-10, 8, 4],
							"size": [1, 1, 0],
							"uv": {
								"south": {"uv": [45, 13], "uv_size": [1, 1]}
							}
						},
						{
							"origin": [-10, 7, 4],
							"size": [1, 1, 0],
							"uv": {
								"south": {"uv": [45, 14], "uv_size": [1, 1]}
							}
						},
						{
							"origin": [-10, 6, 4],
							"size": [1, 1, 0],
							"uv": {
								"south": {"uv": [45, 15], "uv_size": [1, 1]}
							}
						},
						{
							"origin": [-10, 5, 4],
							"size": [1, 1, 0],
							"uv": {
								"south": {"uv": [45, 16], "uv_size": [1, 1]}
							}
						},
						{
							"origin": [-8, 5, 4],
							"size": [1, 1, 0],
							"uv": {
								"south": {"uv": [43, 16], "uv_size": [1, 1]}
							}
						},
						{
							"origin": [-8, 4, 4],
							"size": [1, 1, 0],
							"uv": {
								"south": {"uv": [43, 17], "uv_size": [1, 1]}
							}
						},
						{
							"origin": [-10, 4, 4],
							"size": [1, 1, 0],
							"uv": {
								"south": {"uv": [45, 17], "uv_size": [1, 1]}
							}
						},
						{
							"origin": [-7, 4, 4],
							"size": [1, 1, 0],
							"uv": {
								"south": {"uv": [42, 17], "uv_size": [1, 1]}
							}
						},
						{
							"origin": [-6, 4, 4],
							"size": [1, 1, 0],
							"uv": {
								"south": {"uv": [41, 17], "uv_size": [1, 1]}
							}
						},
						{
							"origin": [-5, 4, 4],
							"size": [1, 1, 0],
							"uv": {
								"south": {"uv": [40, 17], "uv_size": [1, 1]}
							}
						},
						{
							"origin": [-4, 4, 4],
							"size": [1, 1, 0],
							"uv": {
								"south": {"uv": [39, 17], "uv_size": [1, 1]}
							}
						},
						{
							"origin": [-2, 4, 4],
							"size": [1, 1, 0],
							"uv": {
								"south": {"uv": [37, 17], "uv_size": [1, 1]}
							}
						},
						{
							"origin": [-9, 3, 4],
							"size": [1, 1, 0],
							"uv": {
								"south": {"uv": [44, 18], "uv_size": [1, 1]}
							}
						},
						{
							"origin": [-2, 3, 4],
							"size": [1, 1, 0],
							"uv": {
								"south": {"uv": [37, 18], "uv_size": [1, 1]}
							}
						},
						{
							"origin": [-4, 3, 4],
							"size": [1, 1, 0],
							"uv": {
								"south": {"uv": [39, 18], "uv_size": [1, 1]}
							}
						},
						{
							"origin": [-5, 3, 4],
							"size": [1, 1, 0],
							"uv": {
								"south": {"uv": [40, 18], "uv_size": [1, 1]}
							}
						},
						{
							"origin": [-6, 3, 4],
							"size": [1, 1, 0],
							"uv": {
								"south": {"uv": [41, 18], "uv_size": [1, 1]}
							}
						},
						{
							"origin": [-7, 3, 4],
							"size": [1, 1, 0],
							"uv": {
								"south": {"uv": [42, 18], "uv_size": [1, 1]}
							}
						},
						{
							"origin": [-9, 4, 4],
							"size": [1, 1, 0],
							"uv": {
								"south": {"uv": [44, 17], "uv_size": [1, 1]}
							}
						},
						{
							"origin": [-3, 4, 4],
							"size": [1, 1, 0],
							"uv": {
								"south": {"uv": [38, 17], "uv_size": [1, 1]}
							}
						},
						{
							"origin": [-8, 3, 4],
							"size": [1, 1, 0],
							"uv": {
								"south": {"uv": [43, 18], "uv_size": [1, 1]}
							}
						},
						{
							"origin": [-10, 3, 4],
							"size": [1, 1, 0],
							"uv": {
								"south": {"uv": [45, 18], "uv_size": [1, 1]}
							}
						},
						{
							"origin": [-7, 2, 4],
							"size": [1, 1, 0],
							"uv": {
								"south": {"uv": [42, 19], "uv_size": [1, 1]}
							}
						},
						{
							"origin": [-7, 1, 4],
							"size": [1, 1, 0],
							"uv": {
								"south": {"uv": [42, 20], "uv_size": [1, 1]}
							}
						},
						{
							"origin": [-10, 0, 4],
							"size": [1, 1, 0],
							"uv": {
								"south": {"uv": [45, 21], "uv_size": [1, 1]}
							}
						},
						{
							"origin": [-6, 0, 4],
							"size": [1, 1, 0],
							"uv": {
								"south": {"uv": [41, 21], "uv_size": [1, 1]}
							}
						},
						{
							"origin": [-5, 0, 4],
							"size": [1, 1, 0],
							"uv": {
								"south": {"uv": [40, 21], "uv_size": [1, 1]}
							}
						},
						{
							"origin": [-4, 0, 4],
							"size": [1, 1, 0],
							"uv": {
								"south": {"uv": [39, 21], "uv_size": [1, 1]}
							}
						},
						{
							"origin": [-7, 0, 4],
							"size": [1, 1, 0],
							"uv": {
								"south": {"uv": [42, 21], "uv_size": [1, 1]}
							}
						},
						{
							"origin": [-8, 0, 4],
							"size": [1, 1, 0],
							"uv": {
								"south": {"uv": [43, 21], "uv_size": [1, 1]}
							}
						},
						{
							"origin": [-9, 0, 4],
							"size": [1, 1, 0],
							"uv": {
								"south": {"uv": [44, 21], "uv_size": [1, 1]}
							}
						},
						{
							"origin": [-5, 0, 3],
							"size": [1, 0, 1],
							"uv": {
								"up": {"uv": [35, 1], "uv_size": [-1, -1]}
							}
						},
						{
							"origin": [-6, 0, 3],
							"size": [1, 0, 1],
							"uv": {
								"up": {"uv": [36, 1], "uv_size": [-1, -1]}
							}
						},
						{
							"origin": [-7, 0, 3],
							"size": [1, 0, 1],
							"uv": {
								"up": {"uv": [37, 1], "uv_size": [-1, -1]}
							}
						},
						{
							"origin": [-9, 0, 3],
							"size": [1, 0, 1],
							"uv": {
								"up": {"uv": [39, 1], "uv_size": [-1, -1]}
							}
						},
						{
							"origin": [-10, 0, 3],
							"size": [1, 0, 1],
							"uv": {
								"up": {"uv": [40, 1], "uv_size": [-1, -1]}
							}
						},
						{
							"origin": [-8, 0, 3],
							"size": [1, 0, 1],
							"uv": {
								"up": {"uv": [38, 1], "uv_size": [-1, -1]}
							}
						},
						{
							"origin": [-10, 10, 3],
							"size": [0, 1, 1],
							"uv": {
								"west": {"uv": [22, 11], "uv_size": [1, 1]}
							}
						},
						{
							"origin": [-10, 0, 3],
							"size": [0, 1, 1],
							"uv": {
								"west": {"uv": [22, 21], "uv_size": [1, 1]}
							}
						},
						{
							"origin": [-10, 1, 3],
							"size": [0, 1, 1],
							"uv": {
								"west": {"uv": [22, 20], "uv_size": [1, 1]}
							}
						},
						{
							"origin": [-10, 2, 3],
							"size": [0, 1, 1],
							"uv": {
								"west": {"uv": [22, 19], "uv_size": [1, 1]}
							}
						},
						{
							"origin": [-10, 3, 3],
							"size": [0, 1, 1],
							"uv": {
								"west": {"uv": [22, 18], "uv_size": [1, 1]}
							}
						},
						{
							"origin": [-10, 4, 3],
							"size": [0, 1, 1],
							"uv": {
								"west": {"uv": [22, 17], "uv_size": [1, 1]}
							}
						},
						{
							"origin": [-10, 6, 3],
							"size": [0, 1, 1],
							"uv": {
								"west": {"uv": [22, 15], "uv_size": [1, 1]}
							}
						},
						{
							"origin": [-10, 5, 3],
							"size": [0, 1, 1],
							"uv": {
								"west": {"uv": [22, 16], "uv_size": [1, 1]}
							}
						},
						{
							"origin": [-10, 9, 3],
							"size": [0, 1, 1],
							"uv": {
								"west": {"uv": [22, 12], "uv_size": [1, 1]}
							}
						},
						{
							"origin": [-10, 7, 3],
							"size": [0, 1, 1],
							"uv": {
								"west": {"uv": [22, 14], "uv_size": [1, 1]}
							}
						},
						{
							"origin": [-10, 8, 3],
							"size": [0, 1, 1],
							"uv": {
								"west": {"uv": [22, 13], "uv_size": [1, 1]}
							}
						},
						{
							"origin": [0, 19, 2],
							"size": [0, 1, 1],
							"uv": {
								"east": {"uv": [34, 2], "uv_size": [1, 1]}
							}
						},
						{
							"origin": [0, 11, 3],
							"size": [0, 1, 1],
							"uv": {
								"east": {"uv": [35, 10], "uv_size": [1, 1]}
							}
						},
						{
							"origin": [0, 12, 3],
							"size": [0, 1, 1],
							"uv": {
								"east": {"uv": [35, 9], "uv_size": [1, 1]}
							}
						},
						{
							"origin": [0, 13, 3],
							"size": [0, 1, 1],
							"uv": {
								"east": {"uv": [35, 8], "uv_size": [1, 1]}
							}
						},
						{
							"origin": [0, 14, 3],
							"size": [0, 1, 1],
							"uv": {
								"east": {"uv": [35, 7], "uv_size": [1, 1]}
							}
						},
						{
							"origin": [0, 15, 3],
							"size": [0, 1, 1],
							"uv": {
								"east": {"uv": [35, 6], "uv_size": [1, 1]}
							}
						},
						{
							"origin": [0, 16, 3],
							"size": [0, 1, 1],
							"uv": {
								"east": {"uv": [35, 5], "uv_size": [1, 1]}
							}
						},
						{
							"origin": [0, 17, 3],
							"size": [0, 1, 1],
							"uv": {
								"east": {"uv": [35, 4], "uv_size": [1, 1]}
							}
						},
						{
							"origin": [0, 18, 3],
							"size": [0, 1, 1],
							"uv": {
								"east": {"uv": [35, 3], "uv_size": [1, 1]}
							}
						},
						{
							"origin": [0, 19, 3],
							"size": [0, 1, 1],
							"uv": {
								"east": {"uv": [35, 2], "uv_size": [1, 1]}
							}
						},
						{
							"origin": [0, 18, 2],
							"size": [0, 1, 1],
							"uv": {
								"east": {"uv": [34, 3], "uv_size": [1, 1]}
							}
						},
						{
							"origin": [-3, 20, 3],
							"size": [1, 0, 1],
							"uv": {
								"up": {"uv": [32, 1], "uv_size": [-1, -1]}
							}
						},
						{
							"origin": [-2, 20, 3],
							"size": [1, 0, 1],
							"uv": {
								"up": {"uv": [33, 1], "uv_size": [-1, -1]}
							}
						},
						{
							"origin": [-2, 20, 2],
							"size": [1, 0, 1],
							"uv": {
								"up": {"uv": [33, 2], "uv_size": [-1, -1]}
							}
						},
						{
							"origin": [-1, 20, 2],
							"size": [1, 0, 1],
							"uv": {
								"up": {"uv": [34, 2], "uv_size": [-1, -1]}
							}
						},
						{
							"origin": [-1, 20, 3],
							"size": [1, 0, 1],
							"uv": {
								"up": {"uv": [34, 1], "uv_size": [-1, -1]}
							}
						}
					]
				},
				{
					"name": "right_wing",
					"parent": "body",
					"pivot": [0, 24, 2],
					"cubes": [
						{
							"origin": [8, 2, 4],
							"size": [1, 1, 0],
							"uv": {
								"south": {"uv": [44, 19], "uv_size": [1, 1]}
							}
						},
						{
							"origin": [7, 2, 4],
							"size": [1, 1, 0],
							"uv": {
								"south": {"uv": [43, 19], "uv_size": [1, 1]}
							}
						},
						{
							"origin": [7, 1, 4],
							"size": [1, 1, 0],
							"uv": {
								"south": {"uv": [43, 20], "uv_size": [1, 1]}
							}
						},
						{
							"origin": [5, 1, 4],
							"size": [1, 1, 0],
							"uv": {
								"south": {"uv": [41, 20], "uv_size": [1, 1]}
							}
						},
						{
							"origin": [2, 2, 4],
							"size": [1, 1, 0],
							"uv": {
								"south": {"uv": [38, 19], "uv_size": [1, 1]}
							}
						},
						{
							"origin": [2, 1, 4],
							"size": [1, 1, 0],
							"uv": {
								"south": {"uv": [38, 20], "uv_size": [1, 1]}
							}
						},
						{
							"origin": [3, 2, 4],
							"size": [1, 1, 0],
							"uv": {
								"south": {"uv": [39, 19], "uv_size": [1, 1]}
							}
						},
						{
							"origin": [3, 1, 4],
							"size": [1, 1, 0],
							"uv": {
								"south": {"uv": [39, 20], "uv_size": [1, 1]}
							}
						},
						{
							"origin": [4, 2, 4],
							"size": [1, 1, 0],
							"uv": {
								"south": {"uv": [40, 19], "uv_size": [1, 1]}
							}
						},
						{
							"origin": [4, 1, 4],
							"size": [1, 1, 0],
							"uv": {
								"south": {"uv": [40, 20], "uv_size": [1, 1]}
							}
						},
						{
							"origin": [5, 2, 4],
							"size": [1, 1, 0],
							"uv": {
								"south": {"uv": [41, 19], "uv_size": [1, 1]}
							}
						},
						{
							"origin": [8, 1, 4],
							"size": [1, 1, 0],
							"uv": {
								"south": {"uv": [44, 20], "uv_size": [1, 1]}
							}
						},
						{
							"origin": [9, 2, 4],
							"size": [1, 1, 0],
							"uv": {
								"south": {"uv": [45, 19], "uv_size": [1, 1]}
							}
						},
						{
							"origin": [9, 1, 4],
							"size": [1, 1, 0],
							"uv": {
								"south": {"uv": [45, 20], "uv_size": [1, 1]}
							}
						},
						{
							"origin": [2, 3, 4],
							"size": [1, 1, 0],
							"uv": {
								"south": {"uv": [38, 18], "uv_size": [1, 1]}
							}
						},
						{
							"origin": [8, 5, 4],
							"size": [1, 1, 0],
							"uv": {
								"south": {"uv": [44, 16], "uv_size": [1, 1]}
							}
						},
						{
							"origin": [1, 5, 4],
							"size": [1, 1, 0],
							"uv": {
								"south": {"uv": [37, 16], "uv_size": [1, 1]}
							}
						},
						{
							"origin": [2, 5, 4],
							"size": [1, 1, 0],
							"uv": {
								"south": {"uv": [38, 16], "uv_size": [1, 1]}
							}
						},
						{
							"origin": [3, 5, 4],
							"size": [1, 1, 0],
							"uv": {
								"south": {"uv": [39, 16], "uv_size": [1, 1]}
							}
						},
						{
							"origin": [4, 5, 4],
							"size": [1, 1, 0],
							"uv": {
								"south": {"uv": [40, 16], "uv_size": [1, 1]}
							}
						},
						{
							"origin": [5, 5, 4],
							"size": [1, 1, 0],
							"uv": {
								"south": {"uv": [41, 16], "uv_size": [1, 1]}
							}
						},
						{
							"origin": [6, 5, 4],
							"size": [1, 1, 0],
							"uv": {
								"south": {"uv": [42, 16], "uv_size": [1, 1]}
							}
						},
						{
							"origin": [2, 7, 4],
							"size": [1, 1, 0],
							"uv": {
								"south": {"uv": [38, 14], "uv_size": [1, 1]}
							}
						},
						{
							"origin": [2, 8, 4],
							"size": [1, 1, 0],
							"uv": {
								"south": {"uv": [38, 13], "uv_size": [1, 1]}
							}
						},
						{
							"origin": [2, 9, 4],
							"size": [1, 1, 0],
							"uv": {
								"south": {"uv": [38, 12], "uv_size": [1, 1]}
							}
						},
						{
							"origin": [4, 7, 4],
							"size": [1, 1, 0],
							"uv": {
								"south": {"uv": [40, 14], "uv_size": [1, 1]}
							}
						},
						{
							"origin": [3, 7, 4],
							"size": [1, 1, 0],
							"uv": {
								"south": {"uv": [39, 14], "uv_size": [1, 1]}
							}
						},
						{
							"origin": [6, 7, 4],
							"size": [1, 1, 0],
							"uv": {
								"south": {"uv": [42, 14], "uv_size": [1, 1]}
							}
						},
						{
							"origin": [5, 7, 4],
							"size": [1, 1, 0],
							"uv": {
								"south": {"uv": [41, 14], "uv_size": [1, 1]}
							}
						},
						{
							"origin": [3, 8, 4],
							"size": [1, 1, 0],
							"uv": {
								"south": {"uv": [39, 13], "uv_size": [1, 1]}
							}
						},
						{
							"origin": [1, 8, 4],
							"size": [1, 1, 0],
							"uv": {
								"south": {"uv": [37, 13], "uv_size": [1, 1]}
							}
						},
						{
							"origin": [5, 6, 4],
							"size": [1, 1, 0],
							"uv": {
								"south": {"uv": [41, 15], "uv_size": [1, 1]}
							}
						},
						{
							"origin": [2, 6, 4],
							"size": [1, 1, 0],
							"uv": {
								"south": {"uv": [38, 15], "uv_size": [1, 1]}
							}
						},
						{
							"origin": [3, 6, 4],
							"size": [1, 1, 0],
							"uv": {
								"south": {"uv": [39, 15], "uv_size": [1, 1]}
							}
						},
						{
							"origin": [4, 6, 4],
							"size": [1, 1, 0],
							"uv": {
								"south": {"uv": [40, 15], "uv_size": [1, 1]}
							}
						},
						{
							"origin": [6, 6, 4],
							"size": [1, 1, 0],
							"uv": {
								"south": {"uv": [42, 15], "uv_size": [1, 1]}
							}
						},
						{
							"origin": [7, 6, 4],
							"size": [1, 1, 0],
							"uv": {
								"south": {"uv": [43, 15], "uv_size": [1, 1]}
							}
						},
						{
							"origin": [8, 6, 4],
							"size": [1, 1, 0],
							"uv": {
								"south": {"uv": [44, 15], "uv_size": [1, 1]}
							}
						},
						{
							"origin": [1, 7, 4],
							"size": [1, 1, 0],
							"uv": {
								"south": {"uv": [37, 14], "uv_size": [1, 1]}
							}
						},
						{
							"origin": [1, 9, 4],
							"size": [1, 1, 0],
							"uv": {
								"south": {"uv": [37, 12], "uv_size": [1, 1]}
							}
						},
						{
							"origin": [3, 9, 4],
							"size": [1, 1, 0],
							"uv": {
								"south": {"uv": [39, 12], "uv_size": [1, 1]}
							}
						},
						{
							"origin": [1, 6, 4],
							"size": [1, 1, 0],
							"uv": {
								"south": {"uv": [37, 15], "uv_size": [1, 1]}
							}
						},
						{
							"origin": [0, 6, 4],
							"size": [1, 1, 0],
							"uv": {
								"south": {"uv": [36, 15], "uv_size": [1, 1]}
							}
						},
						{
							"origin": [7, 9, 4],
							"size": [1, 1, 0],
							"uv": {
								"south": {"uv": [43, 12], "uv_size": [1, 1]}
							}
						},
						{
							"origin": [6, 9, 4],
							"size": [1, 1, 0],
							"uv": {
								"south": {"uv": [42, 12], "uv_size": [1, 1]}
							}
						},
						{
							"origin": [4, 8, 4],
							"size": [1, 1, 0],
							"uv": {
								"south": {"uv": [40, 13], "uv_size": [1, 1]}
							}
						},
						{
							"origin": [5, 8, 4],
							"size": [1, 1, 0],
							"uv": {
								"south": {"uv": [41, 13], "uv_size": [1, 1]}
							}
						},
						{
							"origin": [4, 9, 4],
							"size": [1, 1, 0],
							"uv": {
								"south": {"uv": [40, 12], "uv_size": [1, 1]}
							}
						},
						{
							"origin": [6, 8, 4],
							"size": [1, 1, 0],
							"uv": {
								"south": {"uv": [42, 13], "uv_size": [1, 1]}
							}
						},
						{
							"origin": [5, 9, 4],
							"size": [1, 1, 0],
							"uv": {
								"south": {"uv": [41, 12], "uv_size": [1, 1]}
							}
						},
						{
							"origin": [8, 9, 4],
							"size": [1, 1, 0],
							"uv": {
								"south": {"uv": [44, 12], "uv_size": [1, 1]}
							}
						},
						{
							"origin": [8, 8, 4],
							"size": [1, 1, 0],
							"uv": {
								"south": {"uv": [44, 13], "uv_size": [1, 1]}
							}
						},
						{
							"origin": [7, 8, 4],
							"size": [1, 1, 0],
							"uv": {
								"south": {"uv": [43, 13], "uv_size": [1, 1]}
							}
						},
						{
							"origin": [7, 7, 4],
							"size": [1, 1, 0],
							"uv": {
								"south": {"uv": [43, 14], "uv_size": [1, 1]}
							}
						},
						{
							"origin": [8, 7, 4],
							"size": [1, 1, 0],
							"uv": {
								"south": {"uv": [44, 14], "uv_size": [1, 1]}
							}
						},
						{
							"origin": [9, 7, 4],
							"size": [1, 1, 0],
							"uv": {
								"south": {"uv": [45, 14], "uv_size": [1, 1]}
							}
						},
						{
							"origin": [9, 8, 4],
							"size": [1, 1, 0],
							"uv": {
								"south": {"uv": [45, 13], "uv_size": [1, 1]}
							}
						},
						{
							"origin": [9, 9, 4],
							"size": [1, 1, 0],
							"uv": {
								"south": {"uv": [45, 12], "uv_size": [1, 1]}
							}
						},
						{
							"origin": [9, 10, 4],
							"size": [1, 1, 0],
							"uv": {
								"south": {"uv": [45, 11], "uv_size": [1, 1]}
							}
						},
						{
							"origin": [0, 11, 4],
							"size": [1, 1, 0],
							"uv": {
								"south": {"uv": [36, 10], "uv_size": [1, 1]}
							}
						},
						{
							"origin": [8, 10, 4],
							"size": [1, 1, 0],
							"uv": {
								"south": {"uv": [44, 11], "uv_size": [1, 1]}
							}
						},
						{
							"origin": [6, 14, 4],
							"size": [1, 1, 0],
							"uv": {
								"south": {"uv": [42, 7], "uv_size": [1, 1]}
							}
						},
						{
							"origin": [6, 17, 4],
							"size": [1, 1, 0],
							"uv": {
								"south": {"uv": [42, 4], "uv_size": [1, 1]}
							}
						},
						{
							"origin": [6, 15, 4],
							"size": [1, 1, 0],
							"uv": {
								"south": {"uv": [42, 6], "uv_size": [1, 1]}
							}
						},
						{
							"origin": [6, 11, 4],
							"size": [1, 1, 0],
							"uv": {
								"south": {"uv": [42, 10], "uv_size": [1, 1]}
							}
						},
						{
							"origin": [6, 16, 4],
							"size": [1, 1, 0],
							"uv": {
								"south": {"uv": [42, 5], "uv_size": [1, 1]}
							}
						},
						{
							"origin": [7, 12, 4],
							"size": [1, 1, 0],
							"uv": {
								"south": {"uv": [43, 9], "uv_size": [1, 1]}
							}
						},
						{
							"origin": [7, 13, 4],
							"size": [1, 1, 0],
							"uv": {
								"south": {"uv": [43, 8], "uv_size": [1, 1]}
							}
						},
						{
							"origin": [4, 19, 4],
							"size": [1, 1, 0],
							"uv": {
								"south": {"uv": [40, 2], "uv_size": [1, 1]}
							}
						},
						{
							"origin": [5, 18, 4],
							"size": [1, 1, 0],
							"uv": {
								"south": {"uv": [41, 3], "uv_size": [1, 1]}
							}
						},
						{
							"origin": [4, 18, 4],
							"size": [1, 1, 0],
							"uv": {
								"south": {"uv": [40, 3], "uv_size": [1, 1]}
							}
						},
						{
							"origin": [3, 18, 4],
							"size": [1, 1, 0],
							"uv": {
								"south": {"uv": [39, 3], "uv_size": [1, 1]}
							}
						},
						{
							"origin": [2, 18, 4],
							"size": [1, 1, 0],
							"uv": {
								"south": {"uv": [38, 3], "uv_size": [1, 1]}
							}
						},
						{
							"origin": [0, 18, 4],
							"size": [1, 1, 0],
							"uv": {
								"south": {"uv": [36, 3], "uv_size": [1, 1]}
							}
						},
						{
							"origin": [1, 18, 4],
							"size": [1, 1, 0],
							"uv": {
								"south": {"uv": [37, 3], "uv_size": [1, 1]}
							}
						},
						{
							"origin": [1, 19, 4],
							"size": [1, 1, 0],
							"uv": {
								"south": {"uv": [37, 2], "uv_size": [1, 1]}
							}
						},
						{
							"origin": [0, 19, 4],
							"size": [1, 1, 0],
							"uv": {
								"south": {"uv": [36, 2], "uv_size": [1, 1]}
							}
						},
						{
							"origin": [2, 19, 4],
							"size": [1, 1, 0],
							"uv": {
								"south": {"uv": [38, 2], "uv_size": [1, 1]}
							}
						},
						{
							"origin": [3, 19, 4],
							"size": [1, 1, 0],
							"uv": {
								"south": {"uv": [39, 2], "uv_size": [1, 1]}
							}
						},
						{
							"origin": [5, 19, 4],
							"size": [1, 1, 0],
							"uv": {
								"south": {"uv": [41, 2], "uv_size": [1, 1]}
							}
						},
						{
							"origin": [6, 18, 4],
							"size": [1, 1, 0],
							"uv": {
								"south": {"uv": [42, 3], "uv_size": [1, 1]}
							}
						},
						{
							"origin": [7, 17, 4],
							"size": [1, 1, 0],
							"uv": {
								"south": {"uv": [43, 4], "uv_size": [1, 1]}
							}
						},
						{
							"origin": [7, 14, 4],
							"size": [1, 1, 0],
							"uv": {
								"south": {"uv": [43, 7], "uv_size": [1, 1]}
							}
						},
						{
							"origin": [7, 15, 4],
							"size": [1, 1, 0],
							"uv": {
								"south": {"uv": [43, 6], "uv_size": [1, 1]}
							}
						},
						{
							"origin": [7, 16, 4],
							"size": [1, 1, 0],
							"uv": {
								"south": {"uv": [43, 5], "uv_size": [1, 1]}
							}
						},
						{
							"origin": [8, 14, 4],
							"size": [1, 1, 0],
							"uv": {
								"south": {"uv": [44, 7], "uv_size": [1, 1]}
							}
						},
						{
							"origin": [8, 13, 4],
							"size": [1, 1, 0],
							"uv": {
								"south": {"uv": [44, 8], "uv_size": [1, 1]}
							}
						},
						{
							"origin": [8, 11, 4],
							"size": [1, 1, 0],
							"uv": {
								"south": {"uv": [44, 10], "uv_size": [1, 1]}
							}
						},
						{
							"origin": [7, 10, 4],
							"size": [1, 1, 0],
							"uv": {
								"south": {"uv": [43, 11], "uv_size": [1, 1]}
							}
						},
						{
							"origin": [6, 12, 4],
							"size": [1, 1, 0],
							"uv": {
								"south": {"uv": [42, 9], "uv_size": [1, 1]}
							}
						},
						{
							"origin": [8, 12, 4],
							"size": [1, 1, 0],
							"uv": {
								"south": {"uv": [44, 9], "uv_size": [1, 1]}
							}
						},
						{
							"origin": [6, 10, 4],
							"size": [1, 1, 0],
							"uv": {
								"south": {"uv": [42, 11], "uv_size": [1, 1]}
							}
						},
						{
							"origin": [6, 13, 4],
							"size": [1, 1, 0],
							"uv": {
								"south": {"uv": [42, 8], "uv_size": [1, 1]}
							}
						},
						{
							"origin": [5, 17, 4],
							"size": [1, 1, 0],
							"uv": {
								"south": {"uv": [41, 4], "uv_size": [1, 1]}
							}
						},
						{
							"origin": [5, 14, 4],
							"size": [1, 1, 0],
							"uv": {
								"south": {"uv": [41, 7], "uv_size": [1, 1]}
							}
						},
						{
							"origin": [5, 15, 4],
							"size": [1, 1, 0],
							"uv": {
								"south": {"uv": [41, 6], "uv_size": [1, 1]}
							}
						},
						{
							"origin": [5, 16, 4],
							"size": [1, 1, 0],
							"uv": {
								"south": {"uv": [41, 5], "uv_size": [1, 1]}
							}
						},
						{
							"origin": [5, 10, 4],
							"size": [1, 1, 0],
							"uv": {
								"south": {"uv": [41, 11], "uv_size": [1, 1]}
							}
						},
						{
							"origin": [5, 12, 4],
							"size": [1, 1, 0],
							"uv": {
								"south": {"uv": [41, 9], "uv_size": [1, 1]}
							}
						},
						{
							"origin": [5, 11, 4],
							"size": [1, 1, 0],
							"uv": {
								"south": {"uv": [41, 10], "uv_size": [1, 1]}
							}
						},
						{
							"origin": [4, 14, 4],
							"size": [1, 1, 0],
							"uv": {
								"south": {"uv": [40, 7], "uv_size": [1, 1]}
							}
						},
						{
							"origin": [4, 17, 4],
							"size": [1, 1, 0],
							"uv": {
								"south": {"uv": [40, 4], "uv_size": [1, 1]}
							}
						},
						{
							"origin": [5, 13, 4],
							"size": [1, 1, 0],
							"uv": {
								"south": {"uv": [41, 8], "uv_size": [1, 1]}
							}
						},
						{
							"origin": [4, 15, 4],
							"size": [1, 1, 0],
							"uv": {
								"south": {"uv": [40, 6], "uv_size": [1, 1]}
							}
						},
						{
							"origin": [4, 16, 4],
							"size": [1, 1, 0],
							"uv": {
								"south": {"uv": [40, 5], "uv_size": [1, 1]}
							}
						},
						{
							"origin": [4, 10, 4],
							"size": [1, 1, 0],
							"uv": {
								"south": {"uv": [40, 11], "uv_size": [1, 1]}
							}
						},
						{
							"origin": [4, 11, 4],
							"size": [1, 1, 0],
							"uv": {
								"south": {"uv": [40, 10], "uv_size": [1, 1]}
							}
						},
						{
							"origin": [4, 12, 4],
							"size": [1, 1, 0],
							"uv": {
								"south": {"uv": [40, 9], "uv_size": [1, 1]}
							}
						},
						{
							"origin": [4, 13, 4],
							"size": [1, 1, 0],
							"uv": {
								"south": {"uv": [40, 8], "uv_size": [1, 1]}
							}
						},
						{
							"origin": [3, 17, 4],
							"size": [1, 1, 0],
							"uv": {
								"south": {"uv": [39, 4], "uv_size": [1, 1]}
							}
						},
						{
							"origin": [3, 14, 4],
							"size": [1, 1, 0],
							"uv": {
								"south": {"uv": [39, 7], "uv_size": [1, 1]}
							}
						},
						{
							"origin": [3, 15, 4],
							"size": [1, 1, 0],
							"uv": {
								"south": {"uv": [39, 6], "uv_size": [1, 1]}
							}
						},
						{
							"origin": [3, 16, 4],
							"size": [1, 1, 0],
							"uv": {
								"south": {"uv": [39, 5], "uv_size": [1, 1]}
							}
						},
						{
							"origin": [3, 10, 4],
							"size": [1, 1, 0],
							"uv": {
								"south": {"uv": [39, 11], "uv_size": [1, 1]}
							}
						},
						{
							"origin": [3, 11, 4],
							"size": [1, 1, 0],
							"uv": {
								"south": {"uv": [39, 10], "uv_size": [1, 1]}
							}
						},
						{
							"origin": [3, 12, 4],
							"size": [1, 1, 0],
							"uv": {
								"south": {"uv": [39, 9], "uv_size": [1, 1]}
							}
						},
						{
							"origin": [3, 13, 4],
							"size": [1, 1, 0],
							"uv": {
								"south": {"uv": [39, 8], "uv_size": [1, 1]}
							}
						},
						{
							"origin": [2, 17, 4],
							"size": [1, 1, 0],
							"uv": {
								"south": {"uv": [38, 4], "uv_size": [1, 1]}
							}
						},
						{
							"origin": [2, 14, 4],
							"size": [1, 1, 0],
							"uv": {
								"south": {"uv": [38, 7], "uv_size": [1, 1]}
							}
						},
						{
							"origin": [2, 15, 4],
							"size": [1, 1, 0],
							"uv": {
								"south": {"uv": [38, 6], "uv_size": [1, 1]}
							}
						},
						{
							"origin": [2, 16, 4],
							"size": [1, 1, 0],
							"uv": {
								"south": {"uv": [38, 5], "uv_size": [1, 1]}
							}
						},
						{
							"origin": [2, 10, 4],
							"size": [1, 1, 0],
							"uv": {
								"south": {"uv": [38, 11], "uv_size": [1, 1]}
							}
						},
						{
							"origin": [2, 11, 4],
							"size": [1, 1, 0],
							"uv": {
								"south": {"uv": [38, 10], "uv_size": [1, 1]}
							}
						},
						{
							"origin": [2, 12, 4],
							"size": [1, 1, 0],
							"uv": {
								"south": {"uv": [38, 9], "uv_size": [1, 1]}
							}
						},
						{
							"origin": [2, 13, 4],
							"size": [1, 1, 0],
							"uv": {
								"south": {"uv": [38, 8], "uv_size": [1, 1]}
							}
						},
						{
							"origin": [0, 17, 4],
							"size": [1, 1, 0],
							"uv": {
								"south": {"uv": [36, 4], "uv_size": [1, 1]}
							}
						},
						{
							"origin": [1, 14, 4],
							"size": [1, 1, 0],
							"uv": {
								"south": {"uv": [37, 7], "uv_size": [1, 1]}
							}
						},
						{
							"origin": [0, 15, 4],
							"size": [1, 1, 0],
							"uv": {
								"south": {"uv": [36, 6], "uv_size": [1, 1]}
							}
						},
						{
							"origin": [0, 16, 4],
							"size": [1, 1, 0],
							"uv": {
								"south": {"uv": [36, 5], "uv_size": [1, 1]}
							}
						},
						{
							"origin": [1, 11, 4],
							"size": [1, 1, 0],
							"uv": {
								"south": {"uv": [37, 10], "uv_size": [1, 1]}
							}
						},
						{
							"origin": [1, 12, 4],
							"size": [1, 1, 0],
							"uv": {
								"south": {"uv": [37, 9], "uv_size": [1, 1]}
							}
						},
						{
							"origin": [1, 13, 4],
							"size": [1, 1, 0],
							"uv": {
								"south": {"uv": [37, 8], "uv_size": [1, 1]}
							}
						},
						{
							"origin": [1, 17, 4],
							"size": [1, 1, 0],
							"uv": {
								"south": {"uv": [37, 4], "uv_size": [1, 1]}
							}
						},
						{
							"origin": [1, 10, 4],
							"size": [1, 1, 0],
							"uv": {
								"south": {"uv": [37, 11], "uv_size": [1, 1]}
							}
						},
						{
							"origin": [0, 14, 4],
							"size": [1, 1, 0],
							"uv": {
								"south": {"uv": [36, 7], "uv_size": [1, 1]}
							}
						},
						{
							"origin": [1, 15, 4],
							"size": [1, 1, 0],
							"uv": {
								"south": {"uv": [37, 6], "uv_size": [1, 1]}
							}
						},
						{
							"origin": [1, 16, 4],
							"size": [1, 1, 0],
							"uv": {
								"south": {"uv": [37, 5], "uv_size": [1, 1]}
							}
						},
						{
							"origin": [0, 13, 4],
							"size": [1, 1, 0],
							"uv": {
								"south": {"uv": [36, 8], "uv_size": [1, 1]}
							}
						},
						{
							"origin": [7, 11, 4],
							"size": [1, 1, 0],
							"uv": {
								"south": {"uv": [43, 10], "uv_size": [1, 1]}
							}
						},
						{
							"origin": [0, 10, 4],
							"size": [1, 1, 0],
							"uv": {
								"south": {"uv": [36, 11], "uv_size": [1, 1]}
							}
						},
						{
							"origin": [0, 12, 4],
							"size": [1, 1, 0],
							"uv": {
								"south": {"uv": [36, 9], "uv_size": [1, 1]}
							}
						},
						{
							"origin": [0, 9, 4],
							"size": [1, 1, 0],
							"uv": {
								"south": {"uv": [36, 12], "uv_size": [1, 1]}
							}
						},
						{
							"origin": [0, 8, 4],
							"size": [1, 1, 0],
							"uv": {
								"south": {"uv": [36, 13], "uv_size": [1, 1]}
							}
						},
						{
							"origin": [0, 7, 4],
							"size": [1, 1, 0],
							"uv": {
								"south": {"uv": [36, 14], "uv_size": [1, 1]}
							}
						},
						{
							"origin": [9, 6, 4],
							"size": [1, 1, 0],
							"uv": {
								"south": {"uv": [45, 15], "uv_size": [1, 1]}
							}
						},
						{
							"origin": [9, 5, 4],
							"size": [1, 1, 0],
							"uv": {
								"south": {"uv": [45, 16], "uv_size": [1, 1]}
							}
						},
						{
							"origin": [7, 4, 4],
							"size": [1, 1, 0],
							"uv": {
								"south": {"uv": [43, 17], "uv_size": [1, 1]}
							}
						},
						{
							"origin": [7, 5, 4],
							"size": [1, 1, 0],
							"uv": {
								"south": {"uv": [43, 16], "uv_size": [1, 1]}
							}
						},
						{
							"origin": [9, 4, 4],
							"size": [1, 1, 0],
							"uv": {
								"south": {"uv": [45, 17], "uv_size": [1, 1]}
							}
						},
						{
							"origin": [6, 4, 4],
							"size": [1, 1, 0],
							"uv": {
								"south": {"uv": [42, 17], "uv_size": [1, 1]}
							}
						},
						{
							"origin": [5, 4, 4],
							"size": [1, 1, 0],
							"uv": {
								"south": {"uv": [41, 17], "uv_size": [1, 1]}
							}
						},
						{
							"origin": [3, 4, 4],
							"size": [1, 1, 0],
							"uv": {
								"south": {"uv": [39, 17], "uv_size": [1, 1]}
							}
						},
						{
							"origin": [4, 4, 4],
							"size": [1, 1, 0],
							"uv": {
								"south": {"uv": [40, 17], "uv_size": [1, 1]}
							}
						},
						{
							"origin": [2, 4, 4],
							"size": [1, 1, 0],
							"uv": {
								"south": {"uv": [38, 17], "uv_size": [1, 1]}
							}
						},
						{
							"origin": [1, 4, 4],
							"size": [1, 1, 0],
							"uv": {
								"south": {"uv": [37, 17], "uv_size": [1, 1]}
							}
						},
						{
							"origin": [8, 4, 4],
							"size": [1, 1, 0],
							"uv": {
								"south": {"uv": [44, 17], "uv_size": [1, 1]}
							}
						},
						{
							"origin": [8, 3, 4],
							"size": [1, 1, 0],
							"uv": {
								"south": {"uv": [44, 18], "uv_size": [1, 1]}
							}
						},
						{
							"origin": [1, 3, 4],
							"size": [1, 1, 0],
							"uv": {
								"south": {"uv": [37, 18], "uv_size": [1, 1]}
							}
						},
						{
							"origin": [4, 3, 4],
							"size": [1, 1, 0],
							"uv": {
								"south": {"uv": [40, 18], "uv_size": [1, 1]}
							}
						},
						{
							"origin": [3, 3, 4],
							"size": [1, 1, 0],
							"uv": {
								"south": {"uv": [39, 18], "uv_size": [1, 1]}
							}
						},
						{
							"origin": [5, 3, 4],
							"size": [1, 1, 0],
							"uv": {
								"south": {"uv": [41, 18], "uv_size": [1, 1]}
							}
						},
						{
							"origin": [6, 3, 4],
							"size": [1, 1, 0],
							"uv": {
								"south": {"uv": [42, 18], "uv_size": [1, 1]}
							}
						},
						{
							"origin": [7, 3, 4],
							"size": [1, 1, 0],
							"uv": {
								"south": {"uv": [43, 18], "uv_size": [1, 1]}
							}
						},
						{
							"origin": [8, 0, 4],
							"size": [1, 1, 0],
							"uv": {
								"south": {"uv": [44, 21], "uv_size": [1, 1]}
							}
						},
						{
							"origin": [7, 0, 4],
							"size": [1, 1, 0],
							"uv": {
								"south": {"uv": [43, 21], "uv_size": [1, 1]}
							}
						},
						{
							"origin": [6, 0, 4],
							"size": [1, 1, 0],
							"uv": {
								"south": {"uv": [42, 21], "uv_size": [1, 1]}
							}
						},
						{
							"origin": [3, 0, 4],
							"size": [1, 1, 0],
							"uv": {
								"south": {"uv": [39, 21], "uv_size": [1, 1]}
							}
						},
						{
							"origin": [4, 0, 4],
							"size": [1, 1, 0],
							"uv": {
								"south": {"uv": [40, 21], "uv_size": [1, 1]}
							}
						},
						{
							"origin": [5, 0, 4],
							"size": [1, 1, 0],
							"uv": {
								"south": {"uv": [41, 21], "uv_size": [1, 1]}
							}
						},
						{
							"origin": [9, 0, 4],
							"size": [1, 1, 0],
							"uv": {
								"south": {"uv": [45, 21], "uv_size": [1, 1]}
							}
						},
						{
							"origin": [6, 1, 4],
							"size": [1, 1, 0],
							"uv": {
								"south": {"uv": [42, 20], "uv_size": [1, 1]}
							}
						},
						{
							"origin": [6, 2, 4],
							"size": [1, 1, 0],
							"uv": {
								"south": {"uv": [42, 19], "uv_size": [1, 1]}
							}
						},
						{
							"origin": [9, 3, 4],
							"size": [1, 1, 0],
							"uv": {
								"south": {"uv": [45, 18], "uv_size": [1, 1]}
							}
						},
						{
							"origin": [2, 20, 3],
							"size": [1, 0, 1],
							"uv": {
								"up": {"uv": [32, 1], "uv_size": [-1, -1]}
							}
						},
						{
							"origin": [1, 20, 2],
							"size": [1, 0, 1],
							"uv": {
								"up": {"uv": [33, 2], "uv_size": [-1, -1]}
							}
						},
						{
							"origin": [0, 20, 2],
							"size": [1, 0, 1],
							"uv": {
								"up": {"uv": [34, 2], "uv_size": [-1, -1]}
							}
						},
						{
							"origin": [1, 20, 3],
							"size": [1, 0, 1],
							"uv": {
								"up": {"uv": [33, 1], "uv_size": [-1, -1]}
							}
						},
						{
							"origin": [0, 20, 3],
							"size": [1, 0, 1],
							"uv": {
								"up": {"uv": [34, 1], "uv_size": [-1, -1]}
							}
						},
						{
							"origin": [0, 12, 3],
							"size": [0, 1, 1],
							"uv": {
								"east": {"uv": [35, 9], "uv_size": [1, 1]}
							}
						},
						{
							"origin": [0, 11, 3],
							"size": [0, 1, 1],
							"uv": {
								"east": {"uv": [35, 10], "uv_size": [1, 1]}
							}
						},
						{
							"origin": [0, 14, 3],
							"size": [0, 1, 1],
							"uv": {
								"east": {"uv": [35, 7], "uv_size": [1, 1]}
							}
						},
						{
							"origin": [0, 15, 3],
							"size": [0, 1, 1],
							"uv": {
								"east": {"uv": [35, 6], "uv_size": [1, 1]}
							}
						},
						{
							"origin": [0, 16, 3],
							"size": [0, 1, 1],
							"uv": {
								"east": {"uv": [35, 5], "uv_size": [1, 1]}
							}
						},
						{
							"origin": [0, 17, 3],
							"size": [0, 1, 1],
							"uv": {
								"east": {"uv": [35, 4], "uv_size": [1, 1]}
							}
						},
						{
							"origin": [0, 13, 3],
							"size": [0, 1, 1],
							"uv": {
								"east": {"uv": [35, 8], "uv_size": [1, 1]}
							}
						},
						{
							"origin": [0, 19, 3],
							"size": [0, 1, 1],
							"uv": {
								"east": {"uv": [35, 2], "uv_size": [1, 1]}
							}
						},
						{
							"origin": [0, 19, 2],
							"size": [0, 1, 1],
							"uv": {
								"east": {"uv": [34, 2], "uv_size": [1, 1]}
							}
						},
						{
							"origin": [0, 18, 3],
							"size": [0, 1, 1],
							"uv": {
								"east": {"uv": [35, 3], "uv_size": [1, 1]}
							}
						},
						{
							"origin": [0, 18, 2],
							"size": [0, 1, 1],
							"uv": {
								"east": {"uv": [34, 3], "uv_size": [1, 1]}
							}
						},
						{
							"origin": [10, 0, 3],
							"size": [0, 1, 1],
							"uv": {
								"west": {"uv": [22, 21], "uv_size": [1, 1]}
							}
						},
						{
							"origin": [10, 1, 3],
							"size": [0, 1, 1],
							"uv": {
								"west": {"uv": [22, 20], "uv_size": [1, 1]}
							}
						},
						{
							"origin": [10, 2, 3],
							"size": [0, 1, 1],
							"uv": {
								"west": {"uv": [22, 19], "uv_size": [1, 1]}
							}
						},
						{
							"origin": [10, 3, 3],
							"size": [0, 1, 1],
							"uv": {
								"west": {"uv": [22, 18], "uv_size": [1, 1]}
							}
						},
						{
							"origin": [10, 4, 3],
							"size": [0, 1, 1],
							"uv": {
								"west": {"uv": [22, 17], "uv_size": [1, 1]}
							}
						},
						{
							"origin": [10, 6, 3],
							"size": [0, 1, 1],
							"uv": {
								"west": {"uv": [22, 15], "uv_size": [1, 1]}
							}
						},
						{
							"origin": [10, 7, 3],
							"size": [0, 1, 1],
							"uv": {
								"west": {"uv": [22, 14], "uv_size": [1, 1]}
							}
						},
						{
							"origin": [10, 9, 3],
							"size": [0, 1, 1],
							"uv": {
								"west": {"uv": [22, 12], "uv_size": [1, 1]}
							}
						},
						{
							"origin": [10, 10, 3],
							"size": [0, 1, 1],
							"uv": {
								"west": {"uv": [22, 11], "uv_size": [1, 1]}
							}
						},
						{
							"origin": [10, 8, 3],
							"size": [0, 1, 1],
							"uv": {
								"west": {"uv": [22, 13], "uv_size": [1, 1]}
							}
						},
						{
							"origin": [10, 5, 3],
							"size": [0, 1, 1],
							"uv": {
								"west": {"uv": [22, 16], "uv_size": [1, 1]}
							}
						},
						{
							"origin": [9, 0, 3],
							"size": [1, 0, 1],
							"uv": {
								"up": {"uv": [40, 1], "uv_size": [-1, -1]}
							}
						},
						{
							"origin": [8, 0, 3],
							"size": [1, 0, 1],
							"uv": {
								"up": {"uv": [39, 1], "uv_size": [-1, -1]}
							}
						},
						{
							"origin": [7, 0, 3],
							"size": [1, 0, 1],
							"uv": {
								"up": {"uv": [38, 1], "uv_size": [-1, -1]}
							}
						},
						{
							"origin": [6, 0, 3],
							"size": [1, 0, 1],
							"uv": {
								"up": {"uv": [37, 1], "uv_size": [-1, -1]}
							}
						},
						{
							"origin": [5, 0, 3],
							"size": [1, 0, 1],
							"uv": {
								"up": {"uv": [36, 1], "uv_size": [-1, -1]}
							}
						},
						{
							"origin": [4, 0, 3],
							"size": [1, 0, 1],
							"uv": {
								"up": {"uv": [35, 1], "uv_size": [-1, -1]}
							}
						}
					]
				}
			]
		}
	]
}