{
  "namespace": "debug_screen",

  "access_button@common_buttons.light_content_button": {
    "$pressed_button_name": "button.access",
    "size": [20, 20],
    "offset": [20, 20],
    "anchor_to": "top_left",
    "anchor_from": "top_left",
    "bindings": [
      {
        "binding_name": "#access_screen_visible",
        "binding_name_override": "#visible"
      }
    ]
  },

  "pack_info": {
    "type": "image",
    "offset": [6, 111],
    "anchor_from": "bottom_right",
    "anchor_to": "bottom_right",
    "texture": "textures/ui/promo_creeper.png",
    "size": ["8%", "default"],
    "layer": 2,
    "animations": [
      {
        "loop": true,
        "sequence": [
          { "color": "FFFF0000", "duration": 300 },  
          { "color": "FFFFFF00", "duration": 300 },  
          { "color": "FF00FF00", "duration": 300 },  
          { "color": "FF00FFFF", "duration": 300 },  
          { "color": "FF0000FF", "duration": 300 },  
          { "color": "FFFF00FF", "duration": 300 }   
        ]
      }
    ]
  },

  "special_render": {
    "type": "image",
    "offset": [3, -45],
    "anchor_from": "top_right",
    "anchor_to": "top_right",
    "text": "textures/ui/watermark.png",
    "size": ["15%", "default"],
    "color": "6996966969",
    "layer": 2
  },

  "debug_global_screen_panel": {
    "type": "panel",
    "clips_children": false,
    "size": ["100%", "100%"],
    "controls": [
      { "access_button@debug_screen.access_button": {} },
      { "special_render@debug_screen.special_render": {} },
      { "FPS_desktop@debug_screen.FPS_desktop": {} },
      { "pack_info@debug_screen.pack_info": {} }
    ]
  },

  "debug_screen@common.base_screen": {
    "send_telemetry": false,
    "screen_not_flushable": true,
    "render_game_behind": true,
    "is_showing_menu": false,
    "low_frequency_rendering": true,
    "is_modal": true,
    "should_steal_mouse": false,
    "render_only_when_topmost": false,
    "screen_draws_last": true,
    "always_accepts_input": true,
    "$screen_content": "debug_screen.debug_global_screen_panel",
    "$screen_animations": [],
    "$use_loading_bars": false
  }
}
