{
  "format_version": "1.8.0",
  "render_controllers": {
    "controller.render.tracer": {
      "geometry": "Geometry.tracer",
      "textures": [ "Texture.white" ],
      "materials": [{ "*": "Material.tracer" }],
      "is_hurt_color": {
        "r": "1",
        "g": "1",
        "b": "1",
        "a": "1"
      },
      "on_fire_color": {
        "r": "1",
        "g": "1",
        "b": "1",
        "a": "1"
      },
      "overlay_color": {
        "r": "1",
        "g": "1",
        "b": "1",
        "a": "1"
      },
      "color": {
        "r": "1",
        "g": "1",
        "b": "1",
        "a": "1.0"
      },
      "ignore_lighting": true
    },
    "controller.render.tracerr": {
      "geometry": "Geometry.tracerr",
      "textures": [ "Texture.white" ],
      "materials": [{ "*": "Material.tracer" }],
      "is_hurt_color": {
        "r": "1",
        "g": "1",
        "b": "1",
        "a": "1"
      },
      "on_fire_color": {
        "r": "1",
        "g": "1",
        "b": "1",
        "a": "1"
      },
      "overlay_color": {
        "r": "1",
        "g": "1",
        "b": "1",
        "a": "1"
      },
      "color": {
        "r": "1",
        "g": "1",
        "b": "1",
        "a": "1.0"
      },
      "ignore_lighting": true
    }
  }
}